,store,sido,gungu,store_address
0,가락2호,서울,송파구,서울 송파구 가락동 75-7
1,가산디지털,서울,금천구,서울 금천구 가산동 371-6 가산비지니스센터 2층
2,가양,서울,강서구,서울 강서구 등촌동 75-1
3,강남역,서울,서초구,서울 서초구 서초동 1309-6
4,강서구청,서울,강서구,서울 강서구 화곡동 986-16
5,강일,서울,강동구,서울 강동구 강일동 679-3 리슈빌오피스텔
6,개봉1호,서울,구로구,서울 구로구 개봉동 403-159
7,개포1호,서울,강남구,서울 강남구 개포동 1229-18
8,거여가락1호,서울,송파구,서울 송파구 가락동 180-9
9,건대,서울,광진구,서울 광진구 화양동 9-18
10,경희대,서울,동대문구,서울 동대문구 회기동 42-16
11,고덕1호(서울),서울,강동구,서울 강동구 고덕동 650-1
12,고척1호,서울,구로구,서울 구로구 개봉1동 126-4
13,공릉1호,서울,노원구,서울 노원구 공릉동 338-6
14,공릉2호,서울,노원구,서울 노원구 공릉동 461-1
15,광장,서울,광진구,서울 광진구 광장동 530-13
16,구로2호,서울,구로구,서울 구로구 구로동 74-30
17,구로디지털,서울,구로구,서울 구로구 구로동 826-1
18,구산역,서울,은평구,서울 은평구 갈현동 464-14
19,구의역,서울,광진구,서울 광진구 구의동 257-70
20,개포1호,서울,강남구,서울 강남구 개포동 1229-18
21,논현1호(서울),서울,강남구,서울 강남구 논현동 164-16
22,대치1호,서울,강남구,서울 강남구 대치동936
23,대치2호,서울,강남구,서울 강남구 대치동 989-4
24,도곡,서울,강남구,서울 강남구 도곡동 416-4
25,삼성1호,서울,강남구,서울 강남구 삼성동 44-18
26,세곡,서울,강남구,서울 강남구 자곡동 611
27,압구정신사,서울,강남구,서울 강남구 신사동 640-5 대성빌딩 1층 1호
28,역삼1호,서울,강남구,서울 강남구 역삼동 837-15
29,일원1동,서울,강남구,서울 강남구 일원동 645
30,일원본동,서울,강남구,서울 강남구 수서동 747 삼성아파트 상가 104호
31,청담역,서울,강남구,서울 강남구 청담동 65 진흥아파트상가
32,강일,서울,강동구,서울 강동구 강일동 679-3 리슈빌오피스텔
33,고덕1호(서울),서울,강동구,서울 강동구 고덕동 650-1
34,길1호,서울,강동구,서울 강동구 길동 347-31
35,길동역,서울,강동구,서울 강동구 길동 388-3
36,둔촌1호,서울,강동구,서울 강동구 둔촌동 454-5
37,명일1호,서울,강동구,서울 강동구 명일동 328-2
38,상일,서울,강동구,서울 강동구 고덕동 200-3
39,성내,서울,강동구,서울 강동구 성내2동 509-7 1층
40,암사1호,서울,강동구,서울 강동구 암사동 504-37
41,암사2호,서울,강동구,서울 강동구 암사동 446-18
42,천호1호,서울,강동구,서울 강동구 천호동 550번지 강천빌딩
43,덕성여대,서울,강북구,서울 강북구 우이동 72-148
44,미아1호,서울,강북구,서울 강북구 미아5동 1264-233
45,미아사거리,서울,강북구,서울 강북구 미아동 55-5
46,미아역,서울,강북구,서울 강북구 미아동 131-8
47,번동,서울,강북구,서울 강북구 번동 169-1
48,수유1호,서울,강북구,서울 강북구 수유동 385-2
49,수유역점,서울,강북구,서울 강북구 번동 461-127
50,가양,서울,강서구,서울 강서구 등촌동 75-1
51,강서구청,서울,강서구,서울 강서구 화곡동 986-16
52,까치산역,서울,강서구,서울 강서구 화곡동 343-62 라인씨티 1층
53,등촌,서울,강서구,서울 강서구 등촌동 649-14
54,마곡1호,서울,강서구,서울 강서구 강서로 마곡동 784-11 마곡오드카운티1차 111호
55,마곡역,서울,강서구,서울 강서구 마곡동 774-1
56,발산역,서울,강서구,서울 강서구 내발산동 655-6번지 1층 13호
57,방화1호,서울,강서구,서울 강서구 방화동 571-1
58,방화2호,서울,강서구,서울 강서구 방화2동 580-27
59,염창,서울,강서구,서울 강서구 염창동 249-5
60,화곡2호,서울,강서구,서울 강서구 화곡동 400-45
61,봉천1호,서울,관악구,서울 관악구 봉천동 861-7
62,봉천2호,서울,관악구,서울 관악구 봉천동 1674-20
63,봉천3호,서울,관악구,서울 관악구 봉천동 1632-9
64,봉천4호,서울,관악구,서울 관악구 봉천동 931-12
65,봉천5호,서울,관악구,서울 관악구 봉천3동 7-291
66,신림1호,서울,관악구,서울 관악구 신림동 518-56
67,신림2호,서울,관악구,서울 관악구 신림동 1680-15
68,신림3호,서울,관악구,서울 관악구 신림동 241-66
69,건대,서울,광진구,서울 광진구 화양동 9-18
70,광장,서울,광진구,서울 광진구 광장동 530-13
71,구의역,서울,광진구,서울 광진구 구의동 257-70
72,자양1호,서울,광진구,서울 광진구 자양3동 584-28
73,자양2호,서울,광진구,서울 광진구 자양동 624-42
74,중곡1호,서울,광진구,서울 광진구 중곡동 243-1
75,중곡2호,서울,광진구,서울 광진구 중곡동 24-2
76,개봉1호,서울,구로구,서울 구로구 개봉동 403-159
77,고척1호,서울,구로구,서울 구로구 개봉1동 126-4
78,구로2호,서울,구로구,서울 구로구 구로동 74-30
79,구로디지털,서울,구로구,서울 구로구 구로동 826-1
80,남구로,서울,구로구,서울 구로구 구로동 704-38
81,동양미래대학,서울,구로구,서울 구로구 고척동 343
82,신도림1호,서울,구로구,서울 구로구 신도림동 648 신도림6차대림아파트 상가 902동 111호
83,오류1호,서울,구로구,서울 구로구 오류1동 10-3
84,천왕역,서울,구로구,서울 구로구 오류동 203-1 1층
85,가산디지털,서울,금천구,서울 금천구 가산동 371-6 가산비지니스센터 2층
86,독산1호,서울,금천구,"서울 금천구 독산동 888-20 102호,103호"
87,독산2동,서울,금천구,서울 금천구 독산동 1059-4
88,시흥1호,서울,금천구,서울 금천구 시흥2동 264-17
89,시흥2호,서울,금천구,서울 금천구 시흥1동 905-5
90,공릉1호,서울,노원구,서울 노원구 공릉동 338-6
91,공릉2호,서울,노원구,서울 노원구 공릉동 461-1
92,상계4단지,서울,노원구,서울 노원구 상계동 749-5
93,상계보람,서울,노원구,서울 노원구 상계동 456-70
94,상계역,서울,노원구,서울 노원구 중계동 137-39 정진빌라 1층
95,석계역,서울,노원구,서울 노원구 월계1동 73-13
96,수락산역,서울,노원구,서울 노원구 상계동 1118
97,중계1호,서울,노원구,서울 노원구 중계1동 360-9
98,중계역,서울,노원구,서울 노원구 중계동 503
99,하계1호,서울,노원구,서울 노원구 하계1동 251 청구상가 201동 101호
100,도봉동,서울,도봉구,서울 도봉구 도봉2동 623-163
101,방학,서울,도봉구,서울 도봉구 방학동 659-32
102,쌍문1호,서울,도봉구,서울 도봉구 방학동 263-56
103,쌍문역,서울,도봉구,서울 도봉구 쌍문3동 88-127
104,창3동,서울,도봉구,서울 도봉구 창동 568-2
105,창동,서울,도봉구,서울 도봉구 창동 296-37
106,경희대,서울,동대문구,서울 동대문구 회기동 42-16
107,답십리1호,서울,동대문구,서울 동대문구 답십리동 53-50
108,서울시립대,서울,동대문구,서울 동대문구 전농1동 141-141
109,신이문,서울,동대문구,서울 동대문구 이문동 255-222
110,안암,서울,동대문구,서울 동대문구 제기동 142-8
111,용두,서울,동대문구,서울 동대문구 왕산로28길 55
112,장안1호,서울,동대문구,서울 동대문구 전농동 1-171
113,장안2호,서울,동대문구,서울 동대문구  장안동 375-3
114,청량리역,서울,동대문구,서울 동대문구 청량리동 50-3
115,노량진,서울,동작구,서울 동작구 노량진동 37-1
116,사당1호,서울,동작구,서울 동작구 사당3동 155-2 1F
117,사당3호,서울,동작구,서울 동작구 사당동 220-119
118,상도,서울,동작구,서울 동작구 상도동 535 상도2차 두산위브트레지움아파트 상가
119,상도터널,서울,동작구,서울 동작구 상도1동 587
120,신대방,서울,동작구,서울 동작구 신대방동 607-28
121,신대방삼거리,서울,동작구,서울 동작구 대방동 407-46
122,흑석1호,서울,동작구,서울 동작구 흑석동 180-6
123,도화(서울),서울,마포구,"서울 마포구 도화동 179-8 1,2층"
124,망원2동,서울,마포구,서울 마포구 망원동 482-9
125,상암,서울,마포구,서울 마포구 상암동 34-45
126,성산2동,서울,마포구,서울 마포구 성산동 592
127,신공덕,서울,마포구,서울 마포구 신공덕동 159(신공덕 래미안상가 1동109호)
128,신수,서울,마포구,서울 마포구 신수동 451번지 세양청마루아파트 상가 101호
129,아현,서울,마포구,서울 마포구 아현동 774 마포래미안 푸르지오 101동 상가 114호
130,연남,서울,마포구,서울 마포구 연남동 369-20
131,홍대,서울,마포구,서울 마포구 서교동 371-3
132,독립문,서울,서대문구,서울 서대문구 냉천동 226
133,명지대,서울,서대문구,서울 서대문구 남가좌동 344-7
134,북가좌1호,서울,서대문구,서울 서대문구 북가좌동 385-8
135,북아현1호,서울,서대문구,서울 서대문구 북아현동 1006
136,신촌,서울,서대문구,서울 서대문구 창천동 41-14
137,연희1호(서울),서울,서대문구,서울 서대문구 연희3동 344-26
138,홍은1호,서울,서대문구,서울 서대문구 홍제동 279-52
139,홍은사거리,서울,서대문구,서울 서대문구 홍제동 326-20
140,강남역,서울,서초구,서울 서초구 서초동 1309-6
141,반포1호,서울,서초구,서울 서초구 반포동 1053 H동 26호
142,반포삼호가든,서울,서초구,서울 서초구 반포동 53-7
143,방배1호,서울,서초구,서울 서초구 방배동 761-8
144,방배2호,서울,서초구,서울 서초구 방배동 912-8
145,서초1호,서울,서초구,서울 서초구 서초동 1357-56
146,서초2호,서울,서초구,서울 서초구 서초동 1669-15
147,서초3호,서울,서초구,서울 서초구 서초동 1579-5
148,양재1호,서울,서초구,서울 서초구 양재동 327-2
149,우면,서울,서초구,서울 서초구 우면동 720
150,잠원1호,서울,서초구,서울 서초구 잠원동 15-4
151,금호역,서울,성동구,서울 성동구 금호동4가 1380
152,성수1호,서울,성동구,서울 성동구 성수동2가 235-1
153,성수역,서울,성동구,서울 성동구 성수동2가 289-251
154,왕십리1호,서울,성동구,서울 성동구 하왕십리동 946-15
155,왕십리도선,서울,성동구,서울 성동구 홍익동 131-1
156,응봉,서울,성동구,서울 성동구 응봉동 100
157,한양대,서울,성동구,서울 성동구 행당동 3-29
158,동덕여대,서울,성북구,서울 성북구 하월곡동 17-1
159,동소문,서울,성북구,서울 성북구 동소문동 6가 227 1층
160,보문역,서울,성북구,서울 성북구 보문동2가 40
161,석관장위,서울,성북구,서울 성북구 화랑로 265
162,정릉1호,서울,성북구,서울 성북구 정릉4동 285-4
163,정릉2호,서울,성북구,서울 성북구 정릉동 175-24
164,종암,서울,성북구,서울 성북구 종암동 3-544
165,가락2호,서울,송파구,서울 송파구 가락동 75-7
166,거여가락1호,서울,송파구,서울 송파구 가락동 180-9
167,마천1호,서울,송파구,서울 송파구 거여동 32-6
168,문정법조,서울,송파구,서울 송파구 문정동 620 송파푸르지오시티 B09호
169,방이2호,서울,송파구,서울 송파구 방이동 59-1
170,방이역,서울,송파구,서울 송파구 오금동 41-23 성암빌딩 1층
171,석촌,서울,송파구,서울 송파구 석촌동 163-1
172,송파1호,서울,송파구,서울 송파구 송파동 147
173,올림픽공원,서울,송파구,서울 송파구 풍납동 401-4
174,위례송파,서울,송파구,"서울 송파구 장지동 894 위례아이파크 상가1동 103호, 104호"
175,잠실1호,서울,송파구,서울 송파구 잠실본동 313-8
176,잠실2호,서울,송파구,서울 송파구 신천동 11-4
177,장지,서울,송파구,서울 송파구 문정동 102-1
178,헬리오시티,서울,송파구,"서울 송파구 가락동 479 헬리오시티상가 A동 3,4호"
179,목3동,서울,양천구,서울 양천구 목동 722-8 호성빌딩
180,목동1호,서울,양천구,서울 양천구 목동 797-3
181,목동2호,서울,양천구,서울 양천구 목동 909-8 이화프라자 1층 101호
182,목동오거리,서울,양천구,서울 양천구 목동 940 현대아이파크상가 102
183,신월1호,서울,양천구,서울 양천구 신월동 602-8
184,신월2호,서울,양천구,서울 양천구 신월7동 972-6
185,신정1호,서울,양천구,서울 양천구 신정동 1022-5
186,신트리,서울,양천구,서울 양천구 신정동 1267 목동뉴프라자
187,오목교,서울,양천구,서울 양천구 신정동 1296 아이파크 상가 1층
188,화곡1호,서울,양천구,서울 양천구 신월동 23-17
189,당산,서울,영등포구,서울 영등포구 영등포동8가 35-1
190,대림2호,서울,영등포구,서울 영등포구 대림3동 783-6
191,문래,서울,영등포구,서울 영등포구 문래동3가 77-34
192,선유도역,서울,영등포구,서울 영등포구 양평동4가 147-3
193,신길1호,서울,영등포구,서울 영등포구 신길동 296-14
194,신길2호,서울,영등포구,서울 영등포구 신길7동 674
195,신풍역,서울,영등포구,서울 영등포구 신길동 445-2
196,여의도,서울,영등포구,서울 영등포구 여의도동 44-31
197,영등포1호,서울,영등포구,서울 영등포구 신길동 232-42
198,영등포역,서울,영등포구,서울 영등포구 영등포동3가 21-10
199,동부이촌,서울,용산구,서울 용산구 이촌1동 301-153 오성상가 103
200,보광,서울,용산구,서울 용산구 보광동 217-13
201,숙대,서울,용산구,서울 용산구 청파동2가 90-11
202,신용산역,서울,용산구,서울 용산구 한강로2가 122-5
203,용문,서울,용산구,서울 용산구 용문동 28-26
204,한남,서울,용산구,서울 용산구 한남동 828
205,후암,서울,용산구,서울 용산구 후암동 244-59
206,구산역,서울,은평구,서울 은평구 갈현동 464-14
207,녹번,서울,은평구,서울 은평구 녹번동 82-47
208,대조,서울특별시,은평구,서울특별시 은평구 대조동 231
209,불광1동,서울,은평구,서울 은평구 불광동 554-1 라비앙프라자1층 101호
210,신사1동,서울,은평구,서울 은평구 신사동 29-13
211,역촌1호,서울,은평구,서울 은평구 역촌동 55-1
212,연신내,서울,은평구,서울 은평구 불광동 484-72
213,은평뉴타운,서울,은평구,서울 은평구 진관동 22 은평뉴타운상가 914-103호
214,응암1동,서울,은평구,서울 은평구 응암동 236-33
215,응암오거리,서울,은평구,서울 은평구 응암동 595-51
216,증산(서울),서울,은평구,서울 은평구 증산동 209-18
217,대학로,서울,종로구,서울 종로구 명륜동4가 113-1
218,숭인,서울,종로구,서울 종로구 숭인2동 183-13
219,안국,서울,종로구,서울 종로구 화동 138-7
220,종로1호,서울,종로구,서울 종로구 관철동 13-13
221,평창,서울,종로구,서울 종로구 평창동 158-1
222,동대문1호,서울,중구,서울 중구 창신동 464-6
223,서울시청,서울,중구,서울 중구 태평로2가 55
224,신당1호,서울,중구,서울 중구 신당동 846
225,약수,서울,중구,서울 중구 신당동 374-14
226,망우본동,서울,중랑구,서울 중랑구 망우동 149-7
227,면목1호,서울,중랑구,서울 중랑구 면목본동 72-43
228,면목2호,서울,중랑구,서울 중랑구 면목2동 191-126
229,묵동,서울,중랑구,서울 중랑구 묵동 175-2
230,사가정역,서울,중랑구,서울 중랑구 면목동 496-14
231,상봉1호,서울,중랑구,서울 중랑구 상봉동 91-1
232,신내1호,서울,중랑구,서울 중랑구 신내동 797
233,중화,서울,중랑구,서울 중랑구 중화동 304-34
234,가야,부산,부산진구,부산 부산진구 가야동 478
235,감만,부산,남구,부산 남구 감만1동 158-6
236,개금1호,부산,부산진구,부산 부산진구 개금동 2-1
237,개금2호,부산,부산진구,부산 부산진구 개금1동 201-6
238,거제법조,부산,연제구,부산 연제구 거제동 891-14
239,광안2호,부산,수영구,부산 수영구 광안동 168-3
240,괘법,부산,사상구,부산 사상구 괘법동 516-1
241,괴정1호,부산,사하구,부산 사하구 괴정동 487-24
242,구서1호,부산,금정구,부산 금정구 구서2동 1024-1
243,구포1호,부산,북구,부산 북구 구포3동 1228-1
244,국제신도시,부산,강서구,부산 강서구 명지동 3412-6
245,금곡(부산),부산,북구,부산 북구 금곡동 57-6
246,기장,부산,기장군,부산 기장군 기장읍 동부리 134-2
247,남부민,부산,서구,부산 서구 충무동2가 3-1
248,남산1호,부산,금정구,부산 금정구 남산동 99-6
249,남포부평,부산,중구,부산 중구 중앙동1가 23-6
250,다대1호,부산,사하구,부산 사하구 다대2동 85-5
251,다대2호,부산,사하구,부산 사하구 다대동 1014
252,당감,부산,부산진구,부산 부산진구 당감동 367-2
253,당리괴정2호,부산,사하구,부산 사하구 괴정동 577-42
254,국제신도시,부산,강서구,부산 강서구 명지동 3412-6
255,명지법원네오,부산,강서구,부산 강서구 명지동 3432-1 2동 102호
256,명지신도시,부산,강서구,부산 강서구 명지동 3256-5
257,신호,부산,강서구,부산 강서구 신호동 317-15
258,지사,부산,강서구,부산 강서구 지사동 1191-5
259,구서1호,부산,금정구,부산 금정구 구서2동 1024-1
260,남산1호,부산,금정구,부산 금정구 남산동 99-6
261,부곡1호,부산,금정구,부산 금정구 부곡동 23-15
262,부곡2호,부산,금정구,부산 금정구 부곡1동 324-20
263,부산대,부산,금정구,부산 금정구 금강로 장전동 418-13
264,서동1호,부산,금정구,부산 금정구 서동 210-6
265,장전1호,부산,금정구,부산 금정구 장전동 134-19
266,기장,부산,기장군,부산 기장군 기장읍 동부리 134-2
267,일광신도시,부산,기장군,부산 기장군 일광면 삼성리 833-4
268,정관1호,부산,기장군,부산 기장군 정관면 매학리 751-8
269,정관2호,부산,기장군,부산 기장군 모전리 747-7
270,감만,부산,남구,부산 남구 감만1동 158-6
271,대연1호,부산,남구,부산 남구 대연동 1013-8
272,대연2호,부산,남구,부산 남구 대연동 52-7
273,대연3호,부산,남구,부산 남구 대연동 1161-9
274,메트로시티1호,부산,남구,부산 남구 용호동 176-30
275,못골,부산,남구,부산 남구 대연동 1543-33
276,문현1호,부산,남구,부산 남구 문현동 359-5
277,문현2호,부산,남구,부산 남구 문현1동 127-56
278,용호1호,부산,남구,부산 남구 용호동 555-19
279,범일1호,부산,동구,부산 동구 범일동 833-2
280,수정1호,부산,동구,부산 동구 수정동 295-3
281,초량,부산,동구,부산 동구 초량동 132-1
282,명륜(부산),부산,동래구,부산 동래구 명륜1동 673-9
283,명장1호,부산,동래구,부산 동래구 명장동 26-24번지 국제아파트 상가 106호
284,복천,부산,동래구,부산 동래구 복천동 476-1
285,사직1호(부산),부산,동래구,부산 동래구 사직동 137-5번지
286,사직2호,부산,동래구,부산 동래구 사직동 89-16
287,수안,부산,동래구,부산 동래구 수안동 192-4
288,안락2호,부산,동래구,부산 동래구 안락동 670-13
289,온천1호,부산,동래구,부산 동래구 온천동 210-5번지
290,온천2호,부산,동래구,부산 동래구 온천동 1411-47
291,우방신세계,부산,동래구,부산 동래구 안락동 471-41
292,가야,부산,부산진구,부산 부산진구 가야동 478
293,개금1호,부산,부산진구,부산 부산진구 개금동 2-1
294,개금2호,부산,부산진구,부산 부산진구 개금1동 201-6
295,당감,부산,부산진구,부산 부산진구 당감동 367-2
296,범천,부산,부산진구,부산 부산진구 범천동 1278-11
297,부암1호,부산,부산진구,부산 부산진구 부암동 301-33
298,서면,부산,부산진구,부산 부산진구 부전동 266-24
299,양정,부산,부산진구,부산 부산진구 양정동 310-6
300,연지,부산,부산진구,부산 부산진구 연지동 40-12
301,초읍대공원,부산,부산진구,부산 부산진구 초읍동 288-6
302,구포1호,부산,북구,부산 북구 구포3동 1228-1
303,금곡(부산),부산,북구,부산 북구 금곡동 57-6
304,덕천2호,부산,북구,부산 북구 덕천3동 781-2
305,덕천역,부산,북구,부산 북구 덕천동 402-12
306,만덕1호,부산,북구,부산 북구 만덕동 294
307,만덕2호,부산,북구,부산 북구 만덕3동 915-6
308,화명1호,부산,북구,부산 북구 화명동 749
309,화명3호,부산,북구,부산 북구 화명동 182-5(2층)
310,화명신도시,부산,북구,부산 북구 화명동 2266-1
311,괘법,부산,사상구,부산 사상구 괘법동 516-1
312,덕포,부산,사상구,부산 사상구 덕포동 767-10
313,동서대,부산,사상구,부산 사상구 주례동 55-176
314,모라,부산,사상구,부산 사상구 모라동 1349-
315,신주례,부산,사상구,부산 사상구 주례2동 3-17
316,엄궁,부산,사상구,부산 사상구 엄궁동 40-94
317,학장,부산,사상구,부산 사상구 학장동 산149-16
318,괴정1호,부산,사하구,부산 사하구 괴정동 487-24
319,다대1호,부산,사하구,부산 사하구 다대2동 85-5
320,다대2호,부산,사하구,부산 사하구 다대동 1014
321,당리괴정2호,부산,사하구,부산 사하구 괴정동 577-42
322,신평1호,부산,사하구,부산 사하구 신평동 262-20
323,장림,부산,사하구,부산 사하구 장림동 590
324,하단1호,부산,사하구,부산 사하구 하단2동 506-15
325,하단2호,부산,사하구,부산 사하구 하단동 605-42
326,국제신도시,부산,강서구,부산 강서구 명지동 3412-6
327,남부민,부산,서구,부산 서구 충무동2가 3-1
328,대신,부산,서구,부산 서구 서대신동1가 163-1
329,명지법원네오,부산,강서구,부산 강서구 명지동 3432-1 2동 102호
330,명지신도시,부산,강서구,부산 강서구 명지동 3256-5
331,송도감천,부산,서구,"부산 서구 암남동 64-2 상가동 108호,109호(암남동)"
332,신호,부산,강서구,부산 강서구 신호동 317-15
333,아미부민,부산,서구,부산 서구 부민동1가 11-3
334,지사,부산,강서구,부산 강서구 지사동 1191-5
335,광안2호,부산,수영구,부산 수영구 광안동 168-3
336,망미1호,부산,수영구,부산 수영구 망미동 413-11
337,민락(부산),부산,수영구,부산 수영구 민락동 165-15
338,수영,부산,수영구,부산 수영구 수영동 503-23
339,거제법조,부산,연제구,부산 연제구 거제동 891-14
340,시청(부산),부산,연제구,부산 연제구 거제3동 34-19
341,연산1호,부산,연제구,부산 연제구 연산동 479-9
342,연산2호,부산,연제구,부산 연제구 연산4동 578-1 삼익아파트 상가 101호
343,연산3호,부산,연제구,부산 연제구 연산동 2133-48
344,대교남항,부산,영도구,부산 영도구 남항동1가 82
345,동삼,부산,영도구,부산 영도구 동삼동 219-146
346,봉래영선,부산,영도구,"부산 영도구 영선동1가 69-2, 69-3"
347,청학,부산,영도구,부산 영도구  청학동 13-14
348,남포부평,부산,중구,부산 중구 중앙동1가 23-6
349,영주대청,부산,중구,부산 중구 대청동4가 82-13
350,마린시티,부산,해운대구,부산 해운대구 우동 1434-2
351,반송(부산),부산,해운대구,부산 해운대구 반송2동 216-150
352,반여1호,부산,해운대구,부산 해운대구 반여동 1628-5
353,송정(부산),부산,해운대구,부산 해운대구 송정동 227-7
354,우동1호,부산,해운대구,부산 해운대구 우동 1090-13
355,재송1호,부산,해운대구,부산 해운대구 반여동 1291-1019
356,재송2호,부산,해운대구,부산 해운대구 재송동 1083-10
357,좌동1호,부산,해운대구,부산 해운대구 좌동 970
358,좌동2호,부산,해운대구,부산 해운대구 좌동 1341-8
359,좌동3호,부산,해운대구,부산 해운대구 좌동 1484-1
360,해운대역,부산,해운대구,부산 해운대구 우동 639-4
361,감삼성당,대구,달서구,대구 달서구 감삼동 317-3
362,계명,대구시,남구,대구시 남구 양지로 107
363,관음,대구,북구,대구 북구 관음동 1383-9
364,구암,대구,북구,대구 북구 태전동 1074-6
365,구지,대구,달성군,대구 달성군 구지면 응암리 1204-2
366,금호지구,대구,북구,대구 북구 사수동 912
367,남산대신,대구,중구,대구 중구 남산3동 2466-14
368,내당,대구,서구,대구 서구 내당동 219-7
369,논공,대구,달성군,대구 달성군 논공읍 북리 803-128
370,다사,대구,달성군,대구 달성군 다사읍 죽곡리 809-1
371,달성비산,대구,서구,대구 서구 비산동 440-5
372,대곡,대구,달서구,대구 달서구 도원동 1442-2 1층 107호
373,대구혁신,대구,동구,대구 동구 각산동 1098-5 102호
374,대명1호,대구,남구,대구 남구 대명동 1098-4
375,동구청,대구,동구,대구 동구 신암동 345-3
376,동서변,대구,북구,대구 북구 동변동 669-4
377,동천3지구,대구,북구,대구 북구 동천동 906-3
378,동촌,대구,동구,대구 동구 검사동 1111
379,동호,대구,동구,대구 동구 동호동 384-7
380,두류,대구,달서구,대구 달서구 두류동 620-12
381,계명,대구시,남구,대구시 남구 양지로 107
382,대명1호,대구,남구,대구 남구 대명동 1098-4
383,봉덕,대구,남구,대구 남구 봉덕동 687-32
384,앞산,대구,남구,대구 남구 대명동 780-3
385,이천대봉,대구,남구,대구 남구 이천동 184-9
386,감삼성당,대구,달서구,대구 달서구 감삼동 317-3
387,대곡,대구,달서구,대구 달서구 도원동 1442-2 1층 107호
388,두류,대구,달서구,대구 달서구 두류동 620-12
389,상인,대구,달서구,대구 달서구 상인동 1555-1
390,성서,대구,달서구,대구 달서구 신당동 1761-5
391,송현(대구),대구,달서구,대구 달서구 송현1동 207-2
392,신월성,대구,달서구,대구 달서구 월성동 1264번지 트럼프스타 B/D 106호
393,용산,대구,달서구,대구 달서구 용산1동 954-6
394,용산새방,대구,달서구,대구 달서구 용산동 499-2
395,월성,대구,달서구,대구 달서구 본동 1135-4
396,장기,대구,달서구,대구 달서구 장기동 826-6
397,진천(대구),대구,달서구,대구 달서구 진천동 504
398,호산파호,대구,달서구,대구 달서구 호산동 357-116
399,구지,대구,달성군,대구 달성군 구지면 응암리 1204-2
400,논공,대구,달성군,대구 달성군 논공읍 북리 803-128
401,다사,대구,달성군,대구 달성군 다사읍 죽곡리 809-1
402,명곡,대구,달성군,대구 달성군 화원읍 명곡리 320-1
403,서재세천,대구,달성군,대구 달성군 다사읍 서재리 423-15
404,옥포(대구),대구,달성군,대구 달성군 옥포읍 교항리 2911
405,테크노폴리스,대구,달성군,대구 달성군 유가면 봉리 606 하이젠스타 115호
406,화원,대구,달성군,대구 달성군 화원읍 천내리 241-1
407,대구혁신,대구,동구,대구 동구 각산동 1098-5 102호
408,동구청,대구,동구,대구 동구 신암동 345-3
409,동촌,대구,동구,대구 동구 검사동 1111
410,동호,대구,동구,대구 동구 동호동 384-7
411,방촌,대구,동구,대구 동구 방촌동 1118-121
412,신천1호(대구),대구,동구,대구 동구 신천동 501-5
413,신천2호,대구,동구,대구 동구 신청동 377-12
414,율하(대구),대구,동구,대구 동구 율하동 1311번지 102호
415,지묘봉무,대구,동구,대구 동구 지묘동 808-3
416,지저불로,대구,동구,대구 동구 지저동 833-15
417,관음,대구,북구,대구 북구 관음동 1383-9
418,구암,대구,북구,대구 북구 태전동 1074-6
419,금호지구,대구,북구,대구 북구 사수동 912
420,동서변,대구,북구,대구 북구 동변동 669-4
421,동천3지구,대구,북구,대구 북구 동천동 906-3
422,복현1호,대구,북구,대구 북구 복현동 426-5
423,복현2호,대구,북구,대구 북구 복현동 539 -110 복현서한타운 상가 103호
424,산격,대구,북구,대구 북구 산격동 1400-20
425,신암대현,대구,북구,대구 북구 대현동 153-4
426,연경,대구,북구,대구 북구 연경동 949-1
427,원대노원,대구,북구,대구 북구 노원동3가 892-1
428,읍내(대구),대구,북구,대구 북구 읍내동 1449 202동 103호
429,칠성고성,대구,북구,대구 북구 칠성동2가 42-9
430,침산,대구,북구,대구 북구 침산동 457-31
431,태전(대구),대구,북구,대구 북구 태전동 254-30
432,팔달매천,대구,북구,대구 북구 매천동 682
433,학정,대구,북구,대구 북구 학정동 282-14
434,감삼성당,대구,달서구,대구 달서구 감삼동 317-3
435,내당,대구,서구,대구 서구 내당동 219-7
436,달성비산,대구,서구,대구 서구 비산동 440-5
437,대곡,대구,달서구,대구 달서구 도원동 1442-2 1층 107호
438,두류,대구,달서구,대구 달서구 두류동 620-12
439,상인,대구,달서구,대구 달서구 상인동 1555-1
440,성서,대구,달서구,대구 달서구 신당동 1761-5
441,송현(대구),대구,달서구,대구 달서구 송현1동 207-2
442,신월성,대구,달서구,대구 달서구 월성동 1264번지 트럼프스타 B/D 106호
443,용산,대구,달서구,대구 달서구 용산1동 954-6
444,용산새방,대구,달서구,대구 달서구 용산동 499-2
445,월성,대구,달서구,대구 달서구 본동 1135-4
446,장기,대구,달서구,대구 달서구 장기동 826-6
447,진천(대구),대구,달서구,대구 달서구 진천동 504
448,평리,대구,서구,대구 서구 평리동 1217-2
449,호산파호,대구,달서구,대구 달서구 호산동 357-116
450,만촌1호,대구,수성구,대구 수성구 만촌동 849-2
451,만촌2호,대구,수성구,대구 수성구 만촌1동 1330-12
452,범물,대구,수성구,대구 수성구 범물동 1374-4
453,범어1호,대구,수성구,대구 수성구 범어동 203-18
454,범어2호,대구,수성구,대구 수성구 범어동 478-12
455,수성(대구),대구,수성구,대구 수성구 수성동4가 1022-11
456,수성호수,대구,수성구,대구 수성구 두산동 653-5
457,시지1호,대구,수성구,대구 수성구 매호동 1328-12
458,시지2호,대구,수성구,대구 수성구 시지동 489-2
459,시지3호,대구,수성구,대구 수성구 신매동 593-4
460,중동,대구,수성구,대구 수성구 중동 97-5
461,파동,대구,수성구,대구 수성구 상동 380-2
462,황금,대구,수성구,대구 수성구 두산동 133-1
463,남산대신,대구,중구,대구 중구 남산3동 2466-14
464,중앙(대구),대구,중구,대구 중구 남일동 33-9
465,가정루원시티,인천,서구,인천 서구 가정동 614-14
466,가좌,인천,서구,인천 서구 가좌동 30-78
467,간석1호,인천,남동구,인천 남동구 구월동 70-80
468,갈산삼산지구,인천,부평구,인천 부평구 갈산동 55-8
469,강화,인천,강화군,인천 강화군 강화읍 갑곳리 199-1
470,검단1호,인천,서구,인천 서구 검단로 왕길동 637-1
471,검암,인천,서구,인천 서구 검암동 626-2번지 태건프라자 105호
472,계산1호,인천,계양구,인천 계양구 계산동 1081-10
473,계산2호,인천,계양구,인천 계양구 계산동 61-2
474,계산3호,인천,계양구,인천 계양구 계산동 942-30
475,공항신도시,인천,중구,인천 중구 운서동 2801-3
476,관교,인천,남구,인천 남구 관교동 321-5
477,구월,인천,남동구,인천 남동구 구월동 1133-13
478,구월아시아드,인천,남동구,인천 남동구 구월동 1517-2
479,논현1호(인천),인천,남동구,인천 남동구 논현동 620-8
480,논현에코메트로,인천,남동구,인천 남동구 논현동 752-1
481,당하,인천,서구,인천 서구 마전동 585
482,도화(인천),인천,미추홀구,인천 미추홀구 도화동 1005-3 스카이프라자2
483,동춘,인천,연수구,인천 연수구 동춘동 934-1
484,만수1호,인천,남동구,인천 남동구 만수동 1045 103호
485,강화,인천,강화군,인천 강화군 강화읍 갑곳리 199-1
486,계산1호,인천,계양구,인천 계양구 계산동 1081-10
487,계산2호,인천,계양구,인천 계양구 계산동 61-2
488,계산3호,인천,계양구,인천 계양구 계산동 942-30
489,임학박촌,인천,계양구,인천 계양구 박촌동 52-3
490,작전1호,인천,계양구,인천 계양구 작전동 149-1
491,효성1호,인천,계양구,"인천 계양구 효성1동 21-11 현대아파트 상가동 101호, 102호, 103호"
492,효성2호,인천,계양구,인천 계양구 효성2동 273-3
493,관교,인천,남구,인천 남구 관교동 321-5
494,용현2동,인천,남구,인천 남구 용현동 558-32
495,용현5동,인천,남구,인천 남구 용현동 630-45
496,주안1호,인천,남구,인천 남구 주안동 1523-2
497,학익1호,인천,남구,인천 남구 학익동 293-37
498,간석1호,인천,남동구,인천 남동구 구월동 70-80
499,구월,인천,남동구,인천 남동구 구월동 1133-13
500,구월아시아드,인천,남동구,인천 남동구 구월동 1517-2
501,논현1호(인천),인천,남동구,인천 남동구 논현동 620-8
502,논현에코메트로,인천,남동구,인천 남동구 논현동 752-1
503,만수1호,인천,남동구,인천 남동구 만수동 1045 103호
504,만수2호,인천,남동구,인천 남동구 만수동 1118-2
505,만수3호,인천,남동구,인천 남동구 간석3동 921-14
506,서창,인천,남동구,인천 남동구 서창동 706
507,소래포구,인천,남동구,인천 남동구 논현동 671-3
508,간석1호,인천,남동구,인천 남동구 구월동 70-80
509,구월,인천,남동구,인천 남동구 구월동 1133-13
510,구월아시아드,인천,남동구,인천 남동구 구월동 1517-2
511,논현1호(인천),인천,남동구,인천 남동구 논현동 620-8
512,논현에코메트로,인천,남동구,인천 남동구 논현동 752-1
513,만수1호,인천,남동구,인천 남동구 만수동 1045 103호
514,만수2호,인천,남동구,인천 남동구 만수동 1118-2
515,만수3호,인천,남동구,인천 남동구 간석3동 921-14
516,서창,인천,남동구,인천 남동구 서창동 706
517,소래포구,인천,남동구,인천 남동구 논현동 671-3
518,송현(인천),인천,동구,인천 동구 송림동 234-1
519,갈산삼산지구,인천,부평구,인천 부평구 갈산동 55-8
520,부개3동,인천,부평구,인천 부평구 부개동 12-176
521,부평1호,인천,부평구,인천 부평구 부평동 451-30
522,부평2호,인천,부평구,인천 부평구 부평동 889-8
523,부평역,인천,부평구,인천 부평구 부평동 192-14
524,산곡1호,인천,부평구,인천 부평구 산곡동 369-270
525,산곡2호,인천,부평구,인천 부평구 산곡동 119-54
526,산곡3호,인천,부평구,인천 부평구 산곡2동 251-1
527,삼산(부평),인천,부평구,인천 부평구 삼산동 433-1
528,십정1호,인천,부평구,인천 부평구 십정동 440-11
529,청천,인천,부평구,인천 부평구 청천동 14-8
530,가정루원시티,인천,서구,인천 서구 가정동 614-14
531,가좌,인천,서구,인천 서구 가좌동 30-78
532,검단1호,인천,서구,인천 서구 검단로 왕길동 637-1
533,검암,인천,서구,인천 서구 검암동 626-2번지 태건프라자 105호
534,당하,인천,서구,인천 서구 마전동 585
535,불로원당,인천,서구,인천 서구 당하동 1033-3 조이빌 103
536,석남가정,인천,서구,인천 서구 가정동 505-4
537,연희1호(인천),인천,서구,인천 서구 심곡동 257-15
538,청라,인천,서구,인천 서구 연희동 799-8 우리프라자 1층
539,청라호수공원,인천,서구,인천 서구 청라동 152-15
540,동춘,인천,연수구,인천 연수구 동춘동 934-1
541,선학연수3호,인천,연수구,인천 연수구 선학동 406-2
542,송도1호,인천,연수구,인천 연수구 송도동 21-59  302동 102호
543,송도드림시티,인천,연수구,인천 연수구 송도동 3-2
544,송도캠퍼스타운,인천,연수구,인천 연수구 송도동 155(송도아메리칸타운파크)
545,연수중앙,인천,연수구,인천 연수구 연수동 626
546,옥련,인천,연수구,인천 연수구 옥련동 194-4
547,공항신도시,인천,중구,인천 중구 운서동 2801-3
548,영종하늘도시,인천,중구,"인천 중구 중산동 1884-4 108,109호"
549,계림,광주,동구,광주 동구 장동 16-4
550,금호,광주,서구,광주 서구 쌍촌동 881번지
551,노대효천,광주,남구,광주 남구 노대동 814
552,농성1호,광주,서구,광주 서구 화정동 178-128
553,동천(광주),광주,서구,광주 서구 동천동 598
554,두암1호,광주,북구,광주 북구 두암2동 826-50
555,마재,광주,서구,"광주 서구 금호동 813 대주파크빌상가 124동 114호, 115호"
556,문흥1호,광주,북구,광주 북구 문흥동 980-15
557,백운,광주,남구,광주 남구 서동 71-15
558,봉선1호,광주,남구,광주 남구 주월1동 1253-4
559,봉선2호,광주,남구,광주 남구 봉선2동 475
560,상무1호,광주,서구,광주 서구 치평동 1258
561,선운지구,광주,광산구,광주 광산구 선암동 777
562,소촌우산,광주,광산구,광주 광산구 소촌동 244-6
563,송정1호,광주,광산구,광주 광산구 도산동 1143
564,수완1호,광주,광산구,광주 광산구 장덕동 1479번지 1층
565,수완2호,광주,광산구,광주 광산구 수완동 1128번지  102호
566,신가,광주,광산구,광주 광산구 신가동 974-6
567,신창,광주,광산구,광주 광산구 신창동 1236-1
568,쌍촌1호,광주,서구,광주 서구 쌍촌동 147
569,선운지구,광주,광산구,광주 광산구 선암동 777
570,소촌우산,광주,광산구,광주 광산구 소촌동 244-6
571,송정1호,광주,광산구,광주 광산구 도산동 1143
572,수완1호,광주,광산구,광주 광산구 장덕동 1479번지 1층
573,수완2호,광주,광산구,광주 광산구 수완동 1128번지  102호
574,신가,광주,광산구,광주 광산구 신가동 974-6
575,신창,광주,광산구,광주 광산구 신창동 1236-1
576,운남1호,광주,광산구,광주 광산구 월곡2동 683-1
577,첨단1호,광주,광산구,광주 광산구 산월동 884-2
578,첨단2호,광주,광산구,광주 광산구 쌍암동 655-4번지
579,첨단중앙,광주,광산구,광주 광산구 쌍암동 694-60
580,하남1호,광주,광산구,광주 광산구 산정동 977-13
581,하남2지구,광주,광산구,광주 광산구 산정동 1039
582,노대효천,광주,남구,광주 남구 노대동 814
583,백운,광주,남구,광주 남구 서동 71-15
584,봉선1호,광주,남구,광주 남구 주월1동 1253-4
585,봉선2호,광주,남구,광주 남구 봉선2동 475
586,주월,광주,남구,광주 남구 월산동 1034-17
587,진월,광주,남구,광주 남구 진월동 870번지 한국아델리움 2차상가 230동 102호
588,계림,광주,동구,광주 동구 장동 16-4
589,조선대,광주,동구,광주 동구 지산동 500번지
590,학동,광주,동구,광주 동구 학동 735-16
591,두암1호,광주,북구,광주 북구 두암2동 826-50
592,문흥1호,광주,북구,광주 북구 문흥동 980-15
593,양산1호,광주,북구,광주 북구 양산동 877-1 1층
594,연제,광주,북구,광주 북구 연제동 41-3
595,오치,광주,북구,광주 북구 오치동 785-4
596,운암1호,광주,북구,광주 북구 운암3동 1051-5
597,운암2호(광주),광주,북구,광주 북구 운암동 운암동 130-1
598,일곡1호,광주,북구,광주 북구 일곡동 834-11
599,전남대,광주,북구,광주 북구 용봉동 157-20
600,첨단신용,광주,북구,광주 북구 신용동 693
601,금호,광주,서구,광주 서구 쌍촌동 881번지
602,농성1호,광주,서구,광주 서구 화정동 178-128
603,동천(광주),광주,서구,광주 서구 동천동 598
604,마재,광주,서구,"광주 서구 금호동 813 대주파크빌상가 124동 114호, 115호"
605,상무1호,광주,서구,광주 서구 치평동 1258
606,쌍촌1호,광주,서구,광주 서구 쌍촌동 147
607,풍암1호,광주,서구,광주 서구 풍암동 1111-2
608,화정1호(광주),광주,서구,광주 서구 화정동 824-16
609,화정2호,광주,서구,"광주 서구 농성동 666-1 1층 113,114호"
610,가오천동,대전,동구,대전 동구 가오동 235-12
611,가장내동,대전,서구,대전 서구 가장동 50-45
612,갈마1호,대전,서구,대전 서구 갈마동 394-29
613,관저1호,대전,유성구,대전 유성구 원내동 829 외 1필지
614,관저느리울,대전,서구,대전 서구 관저동 1354
615,관평,대전,유성구,대전 유성구 관평동 1056
616,노은1지구,대전,유성구,대전 유성구 노은동 553-9 스타돔 120호
617,노은2지구,대전,유성구,대전 유성구 지족동 985-2
618,대사부사,대전,중구,대전 중구 대사동 69-53
619,대흥,대전,중구,대전 중구 대흥동 204-3
620,도마1호,대전,서구,대전 서구 도마동 114-19
621,도안1지구,대전,유성구,대전 유성구 상대동 469-9
622,도안2지구,대전,서구,대전 서구 가수원동 1036
623,둔산1호,대전,서구,대전 서구 둔산2동 1093
624,둔산2호,대전,서구,대전 서구 둔산동 1851
625,만년,대전,서구,대전 서구 만년동 316
626,문화1호,대전,중구,대전 중구 문화동 466-16
627,법동,대전,대덕구,대전 대덕구 중리동 385-26
628,복수,대전,서구,대전 서구 복수동 622
629,비래,대전,동구,대전 동구 가양동 88-1 조일아파트상가 A동
630,법동,대전,대덕구,대전 대덕구 중리동 385-26
631,송촌1호,대전,대덕구,대전 대덕구 송촌동 454-4
632,신탄진,대전,대덕구,대전 대덕구 석봉동 309-1
633,한남대,대전,대덕구,대전 대덕구 한남로 오정동 223-260
634,가오천동,대전,동구,대전 동구 가오동 235-12
635,비래,대전,동구,대전 동구 가양동 88-1 조일아파트상가 A동
636,용운,대전,동구,대전 동구 용운동 306-3
637,자양대동,대전,동구,대전 동구 대동 192-1
638,가장내동,대전,서구,대전 서구 가장동 50-45
639,갈마1호,대전,서구,대전 서구 갈마동 394-29
640,관저느리울,대전,서구,대전 서구 관저동 1354
641,도마1호,대전,서구,대전 서구 도마동 114-19
642,도안2지구,대전,서구,대전 서구 가수원동 1036
643,둔산1호,대전,서구,대전 서구 둔산2동 1093
644,둔산2호,대전,서구,대전 서구 둔산동 1851
645,만년,대전,서구,대전 서구 만년동 316
646,복수,대전,서구,대전 서구 복수동 622
647,월평1호,대전,서구,대전 서구 월평동 525
648,탄방,대전,서구,대전 서구 탄방동 723
649,관저1호,대전,유성구,대전 유성구 원내동 829 외 1필지
650,관평,대전,유성구,대전 유성구 관평동 1056
651,노은1지구,대전,유성구,대전 유성구 노은동 553-9 스타돔 120호
652,노은2지구,대전,유성구,대전 유성구 지족동 985-2
653,도안1지구,대전,유성구,대전 유성구 상대동 469-9
654,송강,대전,유성구,대전 유성구 봉산동 198-13
655,신성,대전,유성구,대전 유성구 신성동 137-15
656,유성,대전,유성구,대전 유성구 봉명동 621-1
657,전민,대전,유성구,대전 유성구 문지동 635-8
658,한밭대,대전,유성구,대전 유성구 덕명동 592-6
659,대사부사,대전,중구,대전 중구 대사동 69-53
660,대흥,대전,중구,대전 중구 대흥동 204-3
661,문화1호,대전,중구,대전 중구 문화동 466-16
662,용두오류,대전,중구,대전 중구 오류동 153-27
663,중촌목동,대전,중구,대전 중구 중촌동 12-5
664,태평1호,대전,중구,대전 중구 유천동 326-13
665,강동산하,울산,북구,울산 북구 산하동 89
666,공업탑,울산,남구,울산 남구 신정동 1218-7
667,교동(울산),울산,울주군,울산 울주군 삼남면 교동리 1578-1
668,구영,울산,울주군,울산 울주군 범서읍 구영리 801-6
669,남목서부,울산,동구,울산 동구 서부동 113-33
670,남창,울산,울주군,울산 울주군 온양읍 대안리 179-10
671,다운,울산,중구,울산 중구 다운동 536-1
672,달동,울산,남구,울산 남구 달동 135-2
673,덕신,울산,울주군,울산 울주군 덕신리 1294-2
674,무거1호,울산,남구,울산 남구 무거동 1484-2
675,반구1호,울산,중구,울산 중구 반구동 874-3
676,반구2호,울산,중구,울산 중구 반구동 99-17
677,방어,울산,동구,울산 동구 방어동 1087-9
678,복산,울산,중구,울산 중구 복산동 399-12
679,삼산(울산),울산,남구,울산 남구 달동 1266-9
680,삼산2호,울산,남구,울산 남구 삼산동 203-15
681,성안,울산,중구,울산 중구 성안동 804-10
682,송정지구,울산,북구,울산 북구 송정동 407
683,수암,울산,남구,울산 남구 야음동 692-6
684,신정3동(구 신정3호점),울산,남구,울산 남구 신정3동 177-1
685,공업탑,울산,남구,울산 남구 신정동 1218-7
686,달동,울산,남구,울산 남구 달동 135-2
687,무거1호,울산,남구,울산 남구 무거동 1484-2
688,삼산(울산),울산,남구,울산 남구 달동 1266-9
689,삼산2호,울산,남구,울산 남구 삼산동 203-15
690,수암,울산,남구,울산 남구 야음동 692-6
691,신정3동(구 신정3호점),울산,남구,울산 남구 신정3동 177-1
692,야음1호,울산,남구,울산 남구 선암동 679-3
693,야음2호,울산,남구,울산 남구 야음1동 455-8
694,옥동(울산),울산,남구,울산 남구 옥동 1406-17
695,울대,울산,남구,울산 남구 무거동 583-17
696,남목서부,울산,동구,울산 동구 서부동 113-33
697,방어,울산,동구,울산 동구 방어동 1087-9
698,전하,울산,동구,울산 동구 전하2동 634-4
699,화정,울산,동구,울산 동구 일산동 581-36
700,강동산하,울산,북구,울산 북구 산하동 89
701,송정지구,울산,북구,울산 북구 송정동 407
702,양정염포,울산,북구,울산 북구 양정동 497-11
703,진장명촌,울산,북구,울산 북구 명촌동 692-3
704,호계1호(울산),울산,북구,울산 북구 호계동 286-15
705,호계2호,울산,북구,울산 북구 신천동 107-4
706,화봉,울산,북구,울산 북구 연암동 414-3
707,교동(울산),울산,울주군,울산 울주군 삼남면 교동리 1578-1
708,구영,울산,울주군,울산 울주군 범서읍 구영리 801-6
709,남창,울산,울주군,울산 울주군 온양읍 대안리 179-10
710,덕신,울산,울주군,울산 울주군 덕신리 1294-2
711,언양,울산,울주군,울산 울주군 언양읍 남부리 256-2
712,웅촌,울산,울주군,울산 울주군 청량면 삼정리 755-1 가동 216호
713,천상,울산,울주군,울산 울주군 범서읍 천상리 650-5
714,다운,울산,중구,울산 중구 다운동 536-1
715,반구1호,울산,중구,울산 중구 반구동 874-3
716,반구2호,울산,중구,울산 중구 반구동 99-17
717,복산,울산,중구,울산 중구 복산동 399-12
718,성안,울산,중구,울산 중구 성안동 804-10
719,약사병영,울산,중구,울산 중구 약사동 629-17
720,옥교,울산,중구,울산 중구 학산동 3-27
721,우정,울산,중구,울산 중구 우정동 436-41
722,우정혁신,울산,중구,울산 중구 유곡동 473-8
723,태화,울산,중구,울산 중구 태화동 117-2
724,고운,세종,고운동,세종 고운동 1718
725,다정,세종특별자치시,다정동,세종특별자치시 다정동 363-10
726,도담,세종,도담동,세종 도담동 245-1
727,보람,세종시,보람동,세종시 보람동 628-4
728,세종아름,세종,아름동,세종  아름동 1363
729,조치원1호,세종,조치원읍,세종 조치원읍 죽림리 21-1 삼일아파트 상가 109호
730,한솔,세종,한솔동,세종 한솔동 927
731,한솔,세종,한솔동,세종 한솔동 927
732,도담,세종,도담동,세종 도담동 245-1
733,세종아름,세종,아름동,세종  아름동 1363
734,보람,세종시,보람동,세종시 보람동 628-4
735,고운,세종,고운동,세종 고운동 1718
736,조치원1호,세종,조치원읍,세종 조치원읍 죽림리 21-1 삼일아파트 상가 109호
737,다정,세종특별자치시,다정동,세종특별자치시 다정동 363-10
738,가람마을,경기,파주시,경기 파주시 와동동 1557-1
739,가평,경기,가평군,경기 가평군 가평읍 대곡리 168-5
740,갈매,경기,구리시,"경기 구리시 갈매동 608-1 101호, 102호"
741,강남대,경기,용인시,경기 용인시 기흥구 구갈동 594 강남피아 118~120호
742,강선,경기,고양시,경기 고양시 일산동구 정발산동 687-5
743,거모,경기,시흥시,경기 시흥시 거모동 1757-1
744,고강1호,경기,부천시,경기 부천시 오정구 고강1동 305-4
745,고덕1호(평택),경기,평택시,경기 평택시 고덕면 여염리 4434-2
746,고색,경기,수원시,경기 수원시 권선구 고색동 31-4
747,고양동,경기,고양시,경기 고양시 덕양구 고양동 176-8 104호
748,고읍1호,경기,양주시,경기 양주시 광사동 657
749,고잔1호,경기,안산시,경기 안산시 단원구 고잔동 756-1
750,고잔2호,경기,안산시,경기 안산시 단원구 와동 720-13
751,고촌,경기,김포시,경기 김포시 고촌면 신곡리 1052
752,곡반정,경기,수원시,경기 수원시 권선구 곡반정동 584-4
753,곤지암,경기,광주시,경기 광주시 곤지암읍 곤지암리 443-9
754,공도1호,경기,안성시,경기 안성시 공도읍 만정리 417-98
755,과천1호,경기,과천시,경기 과천시 원문동 4 레미안 슈르 A상가(4번지)동 제1층 1023호
756,관양,경기,안양시,경기 안양시 동안구 관양동 1437-20 1층
757,광교1호,경기,수원시,경기 수원시 영통구 이의동 1332 CB 4~5호
758,가평,경기,가평군,경기 가평군 가평읍 대곡리 168-5
759,청평,경기,가평군,경기 가평군 청평면 청평리 452-5
760,현리,경기,가평군,경기 가평군 하면 현리 259-7
761,고양동,경기,고양시,경기 고양시 덕양구 고양동 176-8 104호
762,삼송,경기도,고양시,경기도 고양시 덕양구 신원동 626-1 1층 상가 5~6호
763,원당,경기,고양시,경기 고양시 덕양구 성사동 519-2
764,원흥,경기,고양시,경기 고양시 덕양구 도내동 966
765,행신1호,경기,고양시,경기 고양시 덕양구 행신동 995-2
766,행신역,경기,고양시,경기 고양시 덕양구 행신동 708-3
767,화정1호(고양),경기,고양시,경기 고양시 덕양구 화정동 906-5 1층 102호
768,화정역,경기,고양시,경기 고양시 덕양구 화정동 979-2
769,강선,경기,고양시,경기 고양시 일산동구 정발산동 687-5
770,밤가시후곡,경기,고양시,경기 고양시 일산동구 정발산동 1093
771,백마강촌,경기,고양시,경기 고양시 일산동구 마두동 753-3
772,백송,경기,고양시,경기 고양시 일산동구 백석동 1225 중앙프라자 103호
773,식사,경기,고양시,경기 고양시 일산동구 식사동 1531
774,중산,경기,고양시,경기 고양시 일산동구 중산동 1667-3
775,풍동,경기,고양시,경기 고양시 일산동구 풍동 1273-5
776,호수,경기,고양시,경기 고양시 일산동구 백석동 1414-15
777,구일산,경기,고양시,경기 고양시 일산서구 일산동 967-6
778,대화,경기,고양시,경기 고양시 일산서구 대화동 2126-2 (동남빌딩 101호)
779,주엽,경기,고양시,경기 고양시 일산서구 주엽2동 138 애비뉴상가 1층 1068호
780,킨텍스,경기,고양시,경기 고양시 일산서구 대화동 2606
781,탄현,경기,고양시,경기 고양시 일산서구 탄현동 1562-5
782,과천1호,경기,과천시,경기 과천시 원문동 4 레미안 슈르 A상가(4번지)동 제1층 1023호
783,광명1호,경기,광명시,경기 광명시 광명동 295-4
784,광명역,경기,광명시,"경기 광명시 일직동 511-5번지 대호M스퀘어 102호, 103호"
785,소하1호,경기,광명시,경기 광명시 소하동 1240-3
786,소하2호,경기,광명시,경기 광명시 소하동 1342-1
787,철산1호,경기,광명시,경기 광명시 철산동 210-1
788,철산2호,경기,광명시,경기 광명시 철산동 92-1
789,철산역,경기,광명시,경기 광명시 철산동 429
790,하안1호,경기,광명시,"경기 광명시 하안동 35-5, 영보빌딩 102호"
791,곤지암,경기,광주시,경기 광주시 곤지암읍 곤지암리 443-9
792,광주1호,경기,광주시,경기 광주시 경안동 154-1
793,신현,경기,광주시,경기 광주시 오포읍 신현리 371-4
794,양벌,경기,광주시,경기 광주시 오포읍 양벌리 290-3
795,초월,경기,광주시,경기 광주시 초월읍 경충대로 1255
796,태전(경기광주),경기,광주시,경기 광주시 태전동 261-14
797,갈매,경기,구리시,"경기 구리시 갈매동 608-1 101호, 102호"
798,수택,경기,구리시,경기 구리시 교문동 760-12
799,인창,경기,구리시,경기 구리시 인창동 344-7
800,토평,경기,구리시,경기 구리시 토평동 999-2
801,금정역,경기,군포시,경기 군포시 산본동 236-2
802,당동1호,경기,군포시,경기 군포시 당동 904-5 그린프라자 102호
803,부곡(군포),경기,군포시,경기 군포시 부곡동 1120-4
804,산본1호,경기,군포시,경기 군포시 산본동 1106-3 101호
805,산본3호,경기,군포시,경기 군포시 산본동 48 에덴다모은정아파트 1층
806,산본역,경기,군포시,경기 군포시 산본동 1142-6
807,호계3호,경기,군포시,경기 군포시 당정동 2-3
808,고촌,경기,김포시,경기 김포시 고촌면 신곡리 1052
809,구래,경기,김포시,경기 김포시 구래동 6883-1
810,북변,경기,김포시,경기 김포시 감정동 529-3
811,사우,경기,김포시,경기 김포시 사우동 998
812,양곡,경기,김포시,경기 김포시 양촌읍 양곡리 1302-2
813,운양,경기,김포시,경기 김포시 운양동 1297-6 승문리앤포레 1차 1층
814,장기1호,경기,김포시,경기 김포시 장기동 장기동 1360
815,통진1호,경기,김포시,경기 김포시 통진읍 서암리 758-79
816,풍무,경기,김포시,경기 김포시 풍무동 191-2
817,다산신도시1호,경기,남양주시,경기 남양주시 다산동 산3006-2
818,덕소1호,경기,남양주시,경기 남양주시 와부읍 덕소리 141-91
819,도농1호,경기,남양주시,경기 남양주시 다산동 608
820,마석,경기,남양주시,경기 남양주시 화도읍 마석우리 384-8
821,별내2호,경기,남양주시,경기 남양주시 별내동 846-7
822,별내역,경기,남양주시,경기 남양주시 별내동 1006-1
823,오남,경기,남양주시,경기 남양주시 오남읍 오남리 205-19
824,진건,경기,남양주시,경기 남양주시 진건읍 사능리 353-4
825,진접장현리,경기,남양주시,경기 남양주시 진접읍 장현리 672-1
826,진접지구,경기,남양주시,경기 남양주시 진접읍 금곡리 1041-1
827,창현,경기,남양주시,경기 남양주시 화도읍 창현리 462-3
828,퇴계원,경기,남양주시,경기 남양주시 퇴계원면 퇴계원리 290-14
829,평내,경기,남양주시,경기 남양주시 평내동 582-5
830,호평,경기,남양주시,경기 남양주시 호평동 656-1
831,생연,경기,동두천시,경기 동두천시 생연동 689-28
832,송내(동두천),경기,동두천시,경기 동두천시 지행동 694 예일 복합타워 114호
833,괴안,경기,부천시,경기 부천시 소사구 괴안동 39-2
834,송내(부천),경기,부천시,경기 부천시 소사구 송내1동 366-13
835,심곡1호,경기,부천시,경기 부천시 소사구 심곡본동 678-17
836,고강1호,경기,부천시,경기 부천시 오정구 고강1동 305-4
837,원종도당,경기,부천시,경기 부천시 오정구 원종1동 281-15
838,복사골,경기,부천시,경기 부천시 원미구 중동 716-4
839,상동1호,경기,부천시,경기 부천시 원미구 상2동 546-6 110호
840,상동역,경기,부천시,경기 부천시 원미구 상동 523-3 대동프라자 1층 107호
841,송내로데오,경기,부천시,경기 부천시 원미구 상동 400-2
842,신중동,경기,부천시,경기 부천시 원미구 중동 1147-1
843,역곡2동,경기,부천시,경기 부천시 원미구 역곡동 48-5
844,중동2호,경기,부천시,경기 부천시 원미구 중4동 1033-3
845,중동꿈마을,경기,부천시,경기 부천시 원미구 심곡동 93-1
846,동판교,경기,성남시,경기 성남시 분당구 삼평동 664
847,무지개마을,경기,성남시,경기 성남시 분당구 구미동 212-2
848,미금,경기,성남시,경기 성남시 분당구 구미동 50-2
849,분당효자,경기,성남시,경기 성남시 분당구 서현동 333-1
850,서판교,경기,성남시,경기 성남시 분당구 판교동 612-3
851,서현,경기,성남시,"경기 성남시 분당구 서현동 89-7, 삼성한신근린상가"
852,수내1호,경기,성남시,경기 성남시 분당구 수내동 32 양지마을청구아파트
853,아름마을,경기,성남시,"경기 성남시 분당구 야탑동 533-8, 미라보상가 1층 7호"
854,야탑1호,경기,성남시,경기 성남시 분당구 야탑동 272-4
855,야탑역,경기,성남시,경기 성남시 분당구 야탑동 376-13
856,정자,경기,성남시,경기 성남시 분당구 정자동 17-5
857,성남위례,경기,성남시,경기 성남시 수정구 창곡동 547-8
858,수진1호,경기,성남시,경기 성남시 수정구 수진동 88번지 102호
859,신흥1호,경기,성남시,경기 성남시 수정구 신흥동 34
860,태평1동,경기,성남시,경기 성남시 수정구 태평동 6974-1
861,금광1호,경기,성남시,경기 성남시 중원구 금광동 2706
862,모란역,경기,성남시,경기 성남시 중원구 성남동 3249
863,상대원1호,경기,성남시,경기 성남시 중원구 상대원동 5027
864,은행1호(성남),경기,성남시,경기 성남시 중원구 은행동 663-3
865,고색,경기,수원시,경기 수원시 권선구 고색동 31-4
866,곡반정,경기,수원시,경기 수원시 권선구 곡반정동 584-4
867,권선1호,경기,수원시,경기 수원시 권선구 권선동 1260-5
868,금곡1호,경기,수원시,경기 수원시 권선구 금곡동 1088-1
869,매교,경기,수원시,경기 수원시 권선구 세류동 97-5
870,탑동(수원),경기,수원시,경기 수원시 권선구 서둔동 240-5
871,호매실,경기,수원시,경기 수원시 권선구 금곡동 1137-3
872,광교1호,경기,수원시,경기 수원시 영통구 이의동 1332 CB 4~5호
873,매탄1호,경기,수원시,경기 수원시 영통구 매탄동 1170-4
874,매탄2호,경기,수원시,경기 수원시 영통구 매탄2동 199-69
875,매탄3호,경기,수원시,경기 수원시 영통구 매탄4동 208-21
876,신동1호,경기,수원시,경기 수원시 영통구 신동 935-3
877,신영통1호,경기,수원시,경기 수원시 영통구 망포동 369-3
878,영통1호,경기,수원시,경기 수원시 영통구 영통동 1005-1
879,영통2호,경기,수원시,경기 수원시 영통구 영통동 952-5
880,연무1호,경기,수원시,경기 수원시 장안구 연무동 249-13
881,영화,경기,수원시,경기 수원시 장안구 영화동 425-3
882,율전1호,경기,수원시,경기 수원시 장안구 율전동 298-8
883,정자1호,경기,수원시,경기 수원시 장안구 정자동 41-2
884,정자2호,경기,수원시,"경기 수원시 장안구 천천동 502-6, 1층"
885,조원1호,경기,수원시,경기 수원시 장안구 조원동 729-12
886,파장,경기,수원시,경기 수원시 장안구 송죽동 216-1
887,수원역,경기,수원시,경기 수원시 팔달구 고등동 86-4
888,아주대,경기,수원시,경기 수원시 팔달구 우만동 85-3 우만동R타워
889,우만1호,경기,수원시,경기 수원시 팔달구 우만동 481
890,인계,경기,수원시,경기 수원시 팔달구 인계동 1118-12
891,화서1호,경기,수원시,"경기 수원시 팔달구 화서동 703 꽃뫼양지마을(대우아파트) 상가 105, 106호"
892,화서2호,경기,수원시,경기 수원시 팔달구 화서동 185-3
893,거모,경기,시흥시,경기 시흥시 거모동 1757-1
894,능곡,경기,시흥시,경기 시흥시 능곡동 545
895,목감신도시1호,경기,시흥시,경기 시흥시 목감동 410-2
896,목감신도시2호,경기,시흥시,경기 시흥시 조남동 657-2
897,배곧신도시1호,경기,시흥시,"경기 시흥시 정왕동 2475 에이플러스 115, 116호"
898,배곧신도시2호,경기,시흥시,경기 시흥시 정왕동 2536
899,신천1호(시흥),경기,시흥시,경기 시흥시 신천동 707-50
900,월곶,경기도,시흥시,경기도 시흥시 월곶동 1015-1
901,은계,경기,시흥시,경기 시흥시 은행동 645-5
902,은행1호(시흥),경기,시흥시,경기 시흥시 대야동 580-4
903,장곡,경기,시흥시,"경기 시흥시 장곡동 823-5, 동서빌딩"
904,정왕1호,경기,시흥시,경기 시흥시 정왕동 1593-2
905,정왕2호,경기,시흥시,경기 시흥시 정왕동 1859-3
906,정왕3호,경기,시흥시,"경기 시흥시 정왕동 1726-1, 광개토빌딩 104호"
907,고잔1호,경기,안산시,경기 안산시 단원구 고잔동 756-1
908,고잔2호,경기,안산시,경기 안산시 단원구 와동 720-13
909,선부1호,경기,안산시,경기 안산시 단원구 선부동 1070-2
910,원곡1호,경기,안산시,경기 안산시 단원구 원곡동 754-6
911,중앙(안산),경기,안산시,경기 안산시 단원구 고잔동 540-7
912,초지역,경기,안산시,경기 안산시 단원구 초지동 592
913,반월,경기,안산시,경기 안산시 상록구 건건동 650-1
914,본오1호,경기,안산시,경기 안산시 상록구 본오동 879-10
915,부곡(안산),경기,안산시,경기 안산시 상록구 부곡동 670-2
916,사동1호,경기,안산시,경기 안산시 상록구 사동 1172
917,사동2호,경기,안산시,경기 안산시 상록구 사동 1376-7
918,월피,경기,안산시,"경기 안산시 상록구 월피동 442-26, 1층"
919,일동,경기,안산시,경기 안산시 상록구 일동 89-3
920,공도1호,경기,안성시,경기 안성시 공도읍 만정리 417-98
921,안성1호,경기,안성시,경기 안성시 연지동 94
922,안성2호,경기,안성시,경기 안성시 인지동 390-35
923,진사리,경기,안성시,경기 안성시 공도읍 진사리 20-30
924,관양,경기,안양시,경기 안양시 동안구 관양동 1437-20 1층
925,비산1호,경기,안양시,경기 안양시 동안구 비산동 566-7
926,평촌1호,경기,안양시,경기 안양시 동안구 평촌동 917-9
927,평촌3호,경기,안양시,경기 안양시 동안구 비산동 1059 층 A동 103호
928,호계1호(안양),경기,안양시,경기 안양시 동안구 호계2동 927-2
929,박달사거리,경기,안양시,경기 안양시 만안구 박달동 85-15
930,석수1호,경기,안양시,경기 안양시 만안구 석수1동 177-6
931,안양1번가,경기,안양시,경기 안양시 만안구 안양동 674-241
932,안양1호,경기,안양시,경기 안양시 만안구 안양동 711-317
933,안양2호,경기,안양시,경기 안양시 만안구 안양동 473-4
934,고읍1호,경기,양주시,경기 양주시 광사동 657
935,다산신도시1호,경기,남양주시,경기 남양주시 다산동 산3006-2
936,덕계(양주),경기,양주시,경기 양주시 덕계동 698-5
937,덕소1호,경기,남양주시,경기 남양주시 와부읍 덕소리 141-91
938,덕정1호,경기,양주시,경기 양주시 덕정동 240-27
939,도농1호,경기,남양주시,경기 남양주시 다산동 608
940,마석,경기,남양주시,경기 남양주시 화도읍 마석우리 384-8
941,백석(양주),경기,양주시,경기 양주시 백석읍 복지리 168-3
942,별내2호,경기,남양주시,경기 남양주시 별내동 846-7
943,별내역,경기,남양주시,경기 남양주시 별내동 1006-1
944,오남,경기,남양주시,경기 남양주시 오남읍 오남리 205-19
945,옥정,경기,양주시,"경기 양주시 옥정동 966-1 (101호, 102호)"
946,진건,경기,남양주시,경기 남양주시 진건읍 사능리 353-4
947,진접장현리,경기,남양주시,경기 남양주시 진접읍 장현리 672-1
948,진접지구,경기,남양주시,경기 남양주시 진접읍 금곡리 1041-1
949,창현,경기,남양주시,경기 남양주시 화도읍 창현리 462-3
950,퇴계원,경기,남양주시,경기 남양주시 퇴계원면 퇴계원리 290-14
951,평내,경기,남양주시,경기 남양주시 평내동 582-5
952,호평,경기,남양주시,경기 남양주시 호평동 656-1
953,양평,경기,양평군,경기 양평군 양평읍 양근리 183-4
954,여주1호,경기,여주군,경기 여주군 하동 405-4
955,여주대,경기,여주군,경기 여주군 여주읍 점봉리
956,오학,경기,여주군,경기 여주군 오학동 산45-7
957,전곡,경기,연천군,경기 연천군 전곡읍 전곡리 302-11
958,궐동,경기,오산시,경기 오산시 궐동 650-1
959,세마1호,경기,오산시,경기 오산시 내삼미동 856-8
960,운암2호,경기,오산시,"경기 오산시 오산동 919-3, 102호"
961,원동,경기,오산시,경기 오산시 오산동 881-7
962,강남대,경기,용인시,경기 용인시 기흥구 구갈동 594 강남피아 118~120호
963,구갈2지구,경기,용인시,경기 용인시 기흥구 구갈동 353-3
964,구성1호,경기,용인시,경기 용인시 기흥구 마북동 370-9
965,동백1호,경기,용인시,경기 용인시 기흥구 동백동 614-5
966,보라,경기,용인시,경기 용인시 기흥구 보라동 581-2
967,보정,경기,용인시,경기 용인시 기흥구 보정동 1204-4
968,흥덕,경기,용인시,경기 용인시 기흥구 영덕동 1007-6
969,동천1호,경기,용인시,경기 용인시 수지구 동천동 941-7
970,상현1호,경기,용인시,경기 용인시 수지구 상현동 3-4
971,상현역,경기,용인시,경기 용인시 수지구 상현동 1160
972,성복,경기,용인시,경기 용인시 수지구 성복동 162-3
973,수지1지구,경기,용인시,경기 용인시 수지구 풍덕천동 29-10
974,수지2지구,경기,용인시,경기 용인시 수지구 풍덕천동 697
975,죽전,경기,용인시,경기 용인시 수지구 죽전동 1151
976,남사,경기,용인시,경기 용인시 처인구 남사면 아곡리 702
977,둔전,경기,용인시,경기 용인시 처인구 포곡읍 둔전리 400-2
978,양지,경기,용인시,경기 용인시 처인구 양지리 454-2
979,용인1호,경기,용인시,경기 용인시 처인구 김량장동 293-24
980,용인2호,경기,용인시,경기 용인시 처인구 마평동 657-14
981,내손갈뫼,경기,의왕시,경기 의왕시 내손1동 755-4 명성프라자
982,오전고천,경기,의왕시,경기 의왕시 오전동 276-1
983,인덕원,경기,의왕시,경기 의왕시 포일동 662
984,금오,경기,의정부시,경기 의정부시 금오동 473-4
985,녹양,경기,의정부시,경기 의정부시 가능동 92-51
986,민락(의정부),경기,의정부시,경기 의정부시 민락동 834-3
987,민락2호,경기,의정부시,경기 의정부시 민락동 902-1
988,신곡,경기,의정부시,경기 의정부시 신곡동 484
989,신곡2호,경기,의정부시,경기 의정부시 신곡동 703-9
990,용현1호,경기,의정부시,경기 의정부시 용현동 18-15
991,의정부역,경기,의정부시,경기 의정부시 의정부동 140-3 미래프라자 1층
992,장암,경기,의정부시,경기 의정부시 신곡1동 336
993,호원1호,경기,의정부시,경기 의정부시 호원동 466-15
994,회룡역,경기,의정부시,경기 의정부시 호원동 426
995,이천1호,경기,이천시,경기 이천시 영창로 242
996,이천관고,경기,이천시,경기 이천시 관고동 504-6
997,이천하이닉스,경기,이천시,경기 이천시 부발읍 아미리 678-11
998,증포,경기,이천시,경기 이천시 증포동 177-21
999,가람마을,경기,파주시,경기 파주시 와동동 1557-1
1000,교하신도시,경기,파주시,경기 파주시 다율동 1001-6
1001,금촌1호,경기,파주시,경기 파주시 금촌동 51-8
1002,금촌로데오,경기,파주시,경기 파주시 금촌동 986-2
1003,문산,경기,파주시,경기 파주시 문산읍 방촌로 1729
1004,봉일천,경기,파주시,경기 파주시 조리읍 봉일천리 142-3
1005,산내마을,경기,파주시,경기 파주시 목동동 937
1006,운정1호,경기,파주시,경기 파주시 동패동 1758
1007,고덕1호(평택),경기,평택시,경기 평택시 고덕면 여염리 4434-2
1008,동삭1호,경기,평택시,경기 평택시 동삭동 704-4
1009,비전1호,경기,평택시,경기 평택시 비전동 829-1
1010,비전2호,경기,평택시,경기 평택시 비전동 790-3
1011,세교,경기,평택시,경기 평택시 세교동 181-8
1012,소사벌,경기,평택시,"경기 평택시 비전동 1015 엘도라도 시티 104호, 105호"
1013,송탄1호,경기,평택시,경기 평택시 서정동 843-10
1014,송탄2호,경기,평택시,경기 평택시 지산동 995
1015,안중1호,경기,평택시,경기 평택시 안중읍 현화리 831
1016,청북,경기,평택시,경기 평택시 청북읍 옥길리 1158-3
1017,팽성1호,경기,평택시,경기 평택시 팽성읍 안정리 26-49
1018,포승1호,경기,평택시,경기 평택시 도곡리 1142-16
1019,송우,경기,포천시,경기 포천시 소흘읍 송우리 729-3 파크프라자 1층
1020,포천,경기,포천시,경기 포천시 신읍동 47-10
1021,덕풍1호,경기,하남시,경기 하남시 덕풍동 309-64
1022,미사1호,경기,하남시,경기 하남시 망월동 1004-1
1023,미사역,경기도,하남시,경기도 하남시 망월동 1098-3
1024,신장1호,경기,하남시,경기 하남시 신장동 447-28
1025,신장2호,경기,하남시,경기 하남시 천현동 40-13
1026,풍산지구,경기,하남시,경기 하남시 덕풍동 809
1027,남양1호(화성),경기,화성시,경기 화성시 남양읍 남양리 2073-6
1028,동탄1능동,경기,화성시,경기 화성시 반송동 70-4
1029,동탄1호,경기,화성시,경기 화성시 반송동 42-6
1030,동탄2 영천,경기,화성시,경기 화성시 영천동 701-1
1031,동탄2목동,경기,화성시,경기 화성시 목동 454-5
1032,동탄2산척,경기,화성시,경기 화성시 산척동 산16
1033,동탄2청계,경기,화성시,경기 화성시 청계동 536
1034,동탄2호,경기,화성시,경기 화성시 반송동 217-6
1035,발안1호,경기,화성시,경기 화성시 향남면 행정리 426-11
1036,병점1호,경기,화성시,"경기 화성시 병점동 379-10 병점프라자 109호, 110호"
1037,병점2호,경기,화성시,경기 화성시 진안동 914-1
1038,봉담1호,경기,화성시,경기 화성시 상리 26-8
1039,송산그린시티,경기,화성시,경기 화성시 새솔동
1040,와우리,경기,화성시,경기 화성시 기안동 338-4
1041,향남2지구,경기,화성시,경기 화성시 향남읍 하길리 1466
1042,개운,강원,원주시,강원 원주시 개운동 395-23
1043,고성(강원),강원,고성군,강원 고성군 간성읍 신안리 218
1044,교동(속초),강원,속초시,강원 속초시 교동 974-2
1045,교동1호(강릉),강원,강릉시,강원 강릉시 교1동 1863-3
1046,내곡,강원,강릉시,강원 강릉시 내곡동 428-1
1047,노암,강원,강릉시,강원 강릉시 노암동 708-1
1048,늘품,강원,원주시,강원 원주시 반곡동 1767-54
1049,단계,강원,원주시,강원 원주시 단계동 838-4
1050,단구,강원,원주시,강원 원주시 단구동 1631-2
1051,대관령,강원,평창군,강원 평창군 횡계리 354-8
1052,동명,강원,속초시,강원 속초시 동명동 1-18
1053,명륜(원주),강원,원주시,강원 원주시 명륜동 539
1054,무실,강원,원주시,강원 원주시 무실동 1664-3
1055,묵호,강원,동해시,강원 동해시 부곡동 74-5
1056,문막,강원,원주시,강원 원주시 문막읍 건등리 1705-3
1057,북삼,강원,동해시,강원 동해시 쇄운동 84-5
1058,사북고한,강원,정선군,강원 정선군 사북읍 사북리 344-56
1059,사창,강원,화천군,강원 화천군 사내면 사창리 457-12
1060,삼척,강원,삼척시,강원 삼척시 남양동 17-2
1061,석사,강원,춘천시,강원 춘천시 석사동 748-18(33통405)
1062,교동1호(강릉),강원,강릉시,강원 강릉시 교1동 1863-3
1063,내곡,강원,강릉시,강원 강릉시 내곡동 428-1
1064,노암,강원,강릉시,강원 강릉시 노암동 708-1
1065,성덕,강원,강릉시,강원 강릉시 입암동 498-13
1066,유천,강원,강릉시,강원 강릉시 홍제동 1019-2
1067,주문진,강원,강릉시,강원 강릉시 주문진읍 교항리 119-11
1068,포남,강원,강릉시,강원 강릉시 포남1동 1140-1
1069,고성(강원),강원,고성군,강원 고성군 간성읍 신안리 218
1070,묵호,강원,동해시,강원 동해시 부곡동 74-5
1071,북삼,강원,동해시,강원 동해시 쇄운동 84-5
1072,천곡,강원,동해시,강원 동해시 천곡동 872
1073,삼척,강원,삼척시,강원 삼척시 남양동 17-2
1074,교동(속초),강원,속초시,강원 속초시 교동 974-2
1075,동명,강원,속초시,강원 속초시 동명동 1-18
1076,조양,강원,속초시,강원 속초시 조양동 1520-10
1077,양구,강원,양구군,강원 양구군 양구읍 상리 227-105
1078,양양,강원,양양군,강원 양양군 양양읍 남문리 125
1079,영월,강원,영월군,강원 영월군 영월읍 하송리 178-2
1080,개운,강원,원주시,강원 원주시 개운동 395-23
1081,늘품,강원,원주시,강원 원주시 반곡동 1767-54
1082,단계,강원,원주시,강원 원주시 단계동 838-4
1083,단구,강원,원주시,강원 원주시 단구동 1631-2
1084,명륜(원주),강원,원주시,강원 원주시 명륜동 539
1085,무실,강원,원주시,강원 원주시 무실동 1664-3
1086,문막,강원,원주시,강원 원주시 문막읍 건등리 1705-3
1087,우산,강원,원주시,강원 원주시 우산동 818
1088,원주기업도시,강원,원주시,강원 원주시 지정면 가곡리 1348-7
1089,원주봉화,강원,원주시,강원 원주시 단계동 1173-8
1090,일산,강원,원주시,강원 원주시 원동 278-7
1091,태장,강원,원주시,강원 원주시 태장동 북원로 2716-1
1092,혁신(원주),강원,원주시,강원 원주시 반곡동 1880-7
1093,흥업,강원,원주시,강원 원주시 흥업면 흥업리 585-8
1094,원통,강원,인제군,강원 인제군 북면 원통리 645-32
1095,사북고한,강원,정선군,강원 정선군 사북읍 사북리 344-56
1096,석사,강원,춘천시,강원 춘천시 석사동 748-18(33통405)
1097,신사우동,강원,춘천시,강원 춘천시 우두동 1052-29
1098,장학,강원,춘천시,강원 춘천시 동면 장학리 1003-1
1099,춘천교대,강원,춘천시,강원 춘천시 동내면 거두리 912-4
1100,춘천시청,강원,춘천시,강원 춘천시 소양로 3가 181-9
1101,퇴계2호,강원,춘천시,강원 춘천시 퇴계동 87
1102,효자(춘천),강원,춘천시,강원 춘천시 효자동 545-3
1103,후평1호,강원,춘천시,강원 춘천시 후평동 836-1
1104,후평사거리,강원,춘천시,강원 춘천시 후평1동 693-4
1105,태백1호,강원,태백시,강원 태백시 상장동 87-36
1106,대관령,강원,평창군,강원 평창군 횡계리 354-8
1107,진부,강원,평창군,강원 평창군 진부면 하진부리 152-23
1108,홍천,강원,홍천군,강원 홍천군 홍천읍 신장대리 8-9
1109,사창,강원,화천군,강원 화천군 사내면 사창리 457-12
1110,화천,강원,화천군,강원 화천군 화천읍 하리 44-46
1111,횡성,강원,횡성군,강원 횡성군 횡성읍 읍하리 107-48
1112,가경2호,충북,청주시,충북 청주시 흥덕구 개신동 691
1113,강서,충북,청주시,충북 청주시 흥덕구 가경동 1849
1114,강제,충북,제천시,충북 제천시 강제동 832
1115,갱고개,충북,충주시,충북 충주시 갱고개로 41
1116,광혜원,충북,진천군,충북 진천군 광혜원면 광혜원리 503-7
1117,금왕,충북,음성군,충북 음성군 금왕군 무극리 629
1118,금천광장,충북,청주시,충북 청주시 상당구 용담동 395
1119,단양,충북,단양군,충북 단양군 단양읍 도전리 523
1120,대소,충북,음성군,충북 음성군 대소면 태생리 539-170
1121,명동,충북,제천시,충북 제천시 명동 198번지
1122,보은,충북,보은군,충북 보은군 보은읍 삼산리 153-2
1123,복대1호,충북,청주시,충북 청주시 흥덕구 복대동 1652
1124,봉명1호,충북,청주시,충북 청주시 흥덕구 봉명동 2844-3
1125,봉방문화교현,충북,충주시,충북 충주시 교현동 634-17
1126,분평,충북,청주시,충북 청주시 서원구 분평동 1234
1127,사직1호(청주),충북,청주시,충북 청주시 흥덕구 사직2동 595-12
1128,산남성화,충북,청주시,충북 청주시 흥덕구 성화동 886번지 101호
1129,성내용산,충북,충주시,충북 충주시 용산동 1650-2
1130,수곡,충북,청주시,충북 청주시 수곡동 896
1131,신백,충북,제천시,충북 제천시 신백동 214-7
1132,단양,충북,단양군,충북 단양군 단양읍 도전리 523
1133,보은,충북,보은군,충북 보은군 보은읍 삼산리 153-2
1134,금왕,충북,음성군,충북 음성군 금왕군 무극리 629
1135,대소,충북,음성군,충북 음성군 대소면 태생리 539-170
1136,음성,충북,음성군,충북 음성군 음성읍 읍내리 354-3
1137,음성혁신도시,충북,음성군,충북 음성군 맹동면 두성리 1251
1138,장호원감곡,충북,음성군,충북 음성군 감곡면 왕장리 523-8
1139,강제,충북,제천시,충북 제천시 강제동 832
1140,명동,충북,제천시,충북 제천시 명동 198번지
1141,신백,충북,제천시,충북 제천시 신백동 214-7
1142,왕암,충북,제천시,충북 제천시 왕암동 798
1143,장락,충북,제천시,충북 제천시 장락동 542-7
1144,청전,충북,제천시,충북 제천시 의림동 7-26
1145,증평,충북,증평군,충북 증평군 증평읍 초중리 8-1
1146,광혜원,충북,진천군,충북 진천군 광혜원면 광혜원리 503-7
1147,진천(충북),충북,진천군,충북 진천군 진천읍 남산8길 10-3
1148,오창1호,충북,청원군,충북 청원군 오창면 각리 650-1
1149,오창산업단지,충북,청원군,충북 청원군 오창읍 주성리 602
1150,청주옥산,충북,청원군,충북 청원군 옥산면 가락리 산 68-8
1151,금천광장,충북,청주시,충북 청주시 상당구 용담동 395
1152,용암1호,충북,청주시,충북 청주시 상당구 용암동 2574
1153,용암2호,충북,청주시,충북 청주시 상당구 용암동 1780
1154,우암동,충북,청주시,충북 청주시 상당구 우암동 123-81
1155,분평,충북,청주시,충북 청주시 서원구 분평동 1234
1156,가경2호,충북,청주시,충북 청주시 흥덕구 개신동 691
1157,강서,충북,청주시,충북 청주시 흥덕구 가경동 1849
1158,복대1호,충북,청주시,충북 청주시 흥덕구 복대동 1652
1159,봉명1호,충북,청주시,충북 청주시 흥덕구 봉명동 2844-3
1160,사직1호(청주),충북,청주시,충북 청주시 흥덕구 사직2동 595-12
1161,산남성화,충북,청주시,충북 청주시 흥덕구 성화동 886번지 101호
1162,오송,충북,청주시,충북 청주시 흥덕구 오송읍 호송읍 만수리 521
1163,운천신봉,충북,청주시,충북 청주시 흥덕구 운천동 1366
1164,하복대,충북,청주시,충북 청주시 흥덕구 복대동 2960
1165,갱고개,충북,충주시,충북 충주시 갱고개로 41
1166,봉방문화교현,충북,충주시,충북 충주시 교현동 634-17
1167,성내용산,충북,충주시,충북 충주시 용산동 1650-2
1168,연수,충북,충주시,충북 충주시 연수동 1610
1169,계룡대,충남,계룡시,충남 계룡시 엄사면 엄사리 253-1
1170,권곡,충남,아산시,충남 아산시 권곡동 549-26
1171,금산(충남),충남,금산군,충남 금산군 금산읍 상리 47-10
1172,기지시,충남,당진시,충남 당진시 반촌리 861-20
1173,내포1호,충남,홍성군,충남 홍성군 홍북면 신경리 1181번지 승우빌딩 107호
1174,대산,충남,서산시,충남 서산시 대산읍 산리 129-5
1175,동대,충남,보령시,충남 보령시 동대동 1766
1176,동문,충남,서산시,충남 서산시 동문동 406-2
1177,두정,충남,천안시,충남 천안시 서북구 성정2동 1211
1178,목천,충남,천안시,충남 천안시 동남구 목천읍 신계리 134-18
1179,배미,충남,아산시,충남 아산시 배미동 239-17
1180,배방1호,충남,아산시,충남 아산시 배방읍 공수리 89-28
1181,백석(천안),충남,천안시,충남 천안시 서북구 백석동 910번지 주공아파트상가 103호
1182,복운,충남,당진시,충남 당진시 송악면 복운리 1642-11
1183,봉명다가,충남,천안시,충남 천안시 동남구 다가동 373-6
1184,부여,충남,부여군,충남 부여군 부여읍 관북리 133-5
1185,불당,충남,천안시,충남 천안시 서북구 불당동 1630
1186,서산테크노,충남,서산시,충남 서산시 오사리 1666
1187,서천,충남,서천군,충남 서천군 군사리 718-11
1188,석림,충남,서산시,충남 서산시 동문동 999-6
1189,계룡대,충남,계룡시,충남 계룡시 엄사면 엄사리 253-1
1190,신관,충남,공주시,충남 공주시 신관동 24-25
1191,옥룡,충남,공주시,충남 공주시 옥룡동 308-1
1192,금산(충남),충남,금산군,충남 금산군 금산읍 상리 47-10
1193,연무,충남,논산시,충남 논산시 연무읍 안심리 76-64
1194,취암,충남,논산시,충남 논산시 내동 628
1195,기지시,충남,당진시,충남 당진시 반촌리 861-20
1196,복운,충남,당진시,충남 당진시 송악면 복운리 1642-11
1197,신평,충남,당진시,충남 당진시 신평면 거산리 13-4번지 1층
1198,읍내(당진),충남,당진시,충남 당진시 읍내동 850
1199,채운,충남,당진시,충남 당진시 읍내동 1541
1200,합덕,충남,당진시,충남 당진시 합덕읍 운산리 266-2
1201,동대,충남,보령시,충남 보령시 동대동 1766
1202,부여,충남,부여군,충남 부여군 부여읍 관북리 133-5
1203,대산,충남,서산시,충남 서산시 대산읍 산리 129-5
1204,동문,충남,서산시,충남 서산시 동문동 406-2
1205,서산테크노,충남,서산시,충남 서산시 오사리 1666
1206,석림,충남,서산시,충남 서산시 동문동 999-6
1207,읍내(서산),충남,서산시,충남 서산시 읍내동 759-13
1208,서천,충남,서천군,충남 서천군 군사리 718-11
1209,권곡,충남,아산시,충남 아산시 권곡동 549-26
1210,배미,충남,아산시,충남 아산시 배미동 239-17
1211,배방1호,충남,아산시,충남 아산시 배방읍 공수리 89-28
1212,아산테크노,충남,아산시,충남 아산시 둔포면 석곡리 1704
1213,온천,충남,아산시,충남 아산시 온천동 1310
1214,용화,충남,아산시,충남 아산시 용화동 714
1215,장재,충남,아산시,충남 아산시 배방읍 장재리 1531
1216,탕정지중해,충남,아산시,충남 아산시 명암리 943-1
1217,예산,충남,예산군,충남 예산군 예산읍 산성리 709-4
1218,목천,충남,천안시,충남 천안시 동남구 목천읍 신계리 134-18
1219,봉명다가,충남,천안시,충남 천안시 동남구 다가동 373-6
1220,신방1호,충남,천안시,충남 천안시 동남구 신방동 785-32
1221,신방통정,충남,천안시,충남 천안시 동남구 신방동 1538
1222,신부1호,충남,천안시,충남 천안시 동남구 신부동 728
1223,원성,충남,천안시,충남 천안시 동남구 원성2동 518-4
1224,청수,충남,천안시,충남 천안시 동남구 청당동 513
1225,두정,충남,천안시,충남 천안시 서북구 성정2동 1211
1226,백석(천안),충남,천안시,충남 천안시 서북구 백석동 910번지 주공아파트상가 103호
1227,불당,충남,천안시,충남 천안시 서북구 불당동 1630
1228,성거,충남,천안시,충남 천안시 서북구 성거읍 저리 65-1
1229,성성,충남,천안시,충남 천안시 서북구 성성동 656
1230,성정,충남,천안시,충남 천안시 서북구 성정동 149-4
1231,성환1호,충남,천안시,충남 천안시 서북구 성환읍 매주리 325-5 외 1
1232,직산1호,충남,천안시,충남 천안시 서북구 직산읍 삼은리 76-177
1233,차암,충남,천안시,충남 천안시 서북구 차암동 514
1234,태안,충남,태안군,충남 태안군 태안읍 동문리 319-7
1235,내포1호,충남,홍성군,충남 홍성군 홍북면 신경리 1181번지 승우빌딩 107호
1236,오관,충남,홍성군,충남 홍성군 홍성읍 대교리 577
1237,고창,전북,고창군,전북 고창군 고창읍 교촌리 506
1238,구암조촌,전북,군산시,전북 군산시 조촌동 2-21
1239,군산대,전북,군산시,전북 군산시 미룡동 867-2
1240,김제,전북,김제시,전북 김제시 신풍동 594-4번지
1241,나운1호,전북,군산시,전북 군산시 나운동 834-7
1242,남원,전북,남원시,전북 남원시 도통동 387-12
1243,동산,전북,익산시,전북 익산시 마동 344-5
1244,동산조촌,전북,전주시,전북 전주시 덕진구 반월동 230-6
1245,만성,전북,전주시,전북 전주시 덕진구 만성동 1365-6
1246,모현,전북,익산시,전북 익산시 모현동1가 857
1247,무주,전북,무주군,전북 무주군 무주읍 읍내리 962
1248,무주구천,전북,무주군,전북 무주군 설천면 삼공리 364-4
1249,미원,전북,군산시,전북 군산시 대명동 384-10
1250,미장수송,전북,군산시,전북 군산시 수송동 836-8
1251,변산격포,전북,부안군,전북 부안군 변산면 격포리 260-159
1252,봉동,전북,완주군,전북 완주군 봉동읍 둔산리 905-7
1253,부송,전북,익산시,전북 익산시 부송동 710-5
1254,부안,전북,부안군,전북 부안군 부안읍 봉덕리 826-1
1255,삼례우석대,전북,완주군,전북 완주군 삼례읍 후정리 13-8
1256,삼천1호,전북,전주시,전북 전주시 완산구 삼천동1가 621
1257,고창,전북,고창군,전북 고창군 고창읍 교촌리 506
1258,구암조촌,전북,군산시,전북 군산시 조촌동 2-21
1259,군산대,전북,군산시,전북 군산시 미룡동 867-2
1260,나운1호,전북,군산시,전북 군산시 나운동 834-7
1261,미원,전북,군산시,전북 군산시 대명동 384-10
1262,미장수송,전북,군산시,전북 군산시 수송동 836-8
1263,소룡산북,전북,군산시,전북 군산시 소룡동 1545-5번지
1264,지곡,전북,군산시,전북 군산시 지곡동 495-1
1265,김제,전북,김제시,전북 김제시 신풍동 594-4번지
1266,남원,전북,남원시,전북 남원시 도통동 387-12
1267,무주,전북,무주군,전북 무주군 무주읍 읍내리 962
1268,무주구천,전북,무주군,전북 무주군 설천면 삼공리 364-4
1269,변산격포,전북,부안군,전북 부안군 변산면 격포리 260-159
1270,부안,전북,부안군,전북 부안군 부안읍 봉덕리 826-1
1271,순창,전북,순창군,전북 순창군 순창읍 순화리 282-6
1272,봉동,전북,완주군,전북 완주군 봉동읍 둔산리 905-7
1273,삼례우석대,전북,완주군,전북 완주군 삼례읍 후정리 13-8
1274,동산,전북,익산시,전북 익산시 마동 344-5
1275,모현,전북,익산시,전북 익산시 모현동1가 857
1276,부송,전북,익산시,전북 익산시 부송동 710-5
1277,영등1호,전북,익산시,전북 익산시 영등동 765-4
1278,영등2호,전북,익산시,전북 익산시 영등동 843-5
1279,원광대,전북,익산시,"전북 익산시 신동 764-4 시즈퍼스트 상가112호, 113호"
1280,함열,전북,익산시,전북 익산시 함열읍 와리 610-3
1281,임실,전북,임실군,전북 임실군 임실읍 이도리 294
1282,동산조촌,전북,전주시,전북 전주시 덕진구 반월동 230-6
1283,만성,전북,전주시,전북 전주시 덕진구 만성동 1365-6
1284,솔내,전북,전주시,전북 전주시 덕진구 송천동1가 405-1
1285,송천,전북,전주시,전북 전주시 덕진구 송천동2가 179-116
1286,아중,전북,전주시,전북 전주시 덕진구 인후동1가 834-4
1287,에코시티,전북,전주시,전북 전주시 덕진구 송천동2가 1298
1288,전북대,전북,전주시,전북 전주시 덕진구 덕진동1가 1314-201
1289,하가덕진,전북,전주시,전북 전주시 덕진구 덕진동2가 670-1
1290,혁신(전북 전주),전북,전주시,전북 전주시 덕진구 중동 781-5
1291,호성,전북,전주시,전북 전주시 덕진구 호성동1가 757-26
1292,삼천1호,전북,전주시,전북 전주시 완산구 삼천동1가 621
1293,서곡효자,전북,전주시,전북 전주시 완산구 효자동3가 1609-16
1294,서신,전북,전주시,전북 전주시 완산구 서신동 938-5
1295,신시가지,전북,전주시,전북 전주시 완산구 효자동2가 1327-1
1296,안행,전북,전주시,전북 전주시 완산구 효자동1가 202-1
1297,중앙(전주),전북,전주시,전북 전주시 완산구 고사동 470-3
1298,중화산,전북,전주시,전북 전주시 완산구 중화산동2가 777-6
1299,평화1호,전북,전주시,전북 전주시 완산구 평화동2가 230-112
1300,효자(전주),전북,전주시,전북 전주시 완산구 효자동1가 652
1301,효천,전북,전주시,전북 전주시 완산구 삼천동2가 759-1
1302,상동,전북,정읍시,전북 정읍시 시기동 170-4
1303,수성(정읍),전북,정읍시,전북 정읍시 수성동 954-13
1304,진안,전북,진안군,전북 진안군 진안읍 군상리 286-1
1305,강진,전남,강진군,전남 강진군 강진읍 남성리 5-4
1306,고흥,전남,고흥군,전남 고흥군 고흥읍 남계리 439-3
1307,광양읍1호,전남,광양시,전남 광양시 광양읍 칠성리 947-3
1308,광양읍2호,전남,광양시,전남 광양시 광양읍 용강리 857-5번지
1309,국동,전남,여수시,전남 여수시 신월동 96-1
1310,금당1호,전남,순천시,전남 순천시 조례동 1612번지 1-4호
1311,나주,전남,나주시,전남 나주시 대호동 1040-7
1312,남부(순천),전남,순천시,전남 순천시 풍덕동 1265-5
1313,남악,전남,무안군,"전남 무안군 삼향읍 남악리 1577 골든스위트 119, 120호"
1314,담양,전남,담양군,전남 담양군 담양읍 백동리 247-7
1315,둔덕,전남,여수시,전남 여수시 둔덕동 434-7
1316,무안읍,전남,무안군,전남 무안군 무안읍 성남리 813-45
1317,문수,전남,여수시,전남 여수시 문수동 124-1
1318,보성,전남,보성군,전남 보성군 보성읍 보성리 831-19
1319,비파,전남,목포시,전남 목포시 상동 851
1320,빛가람1호,전남,나주시,전남 나주시 빛가람동 190-3
1321,삼학,전남,목포시,전남 목포시 산정동 1284
1322,삼호,전남,영암군,전남 영암군 삼호읍 용앙리 481
1323,상동석현,전남,목포시,전남 목포시 석현동 1173-2
1324,순천대점,전남,순천시,전남 순천시 석현동 80-5
1325,강진,전남,강진군,전남 강진군 강진읍 남성리 5-4
1326,고흥,전남,고흥군,전남 고흥군 고흥읍 남계리 439-3
1327,광양읍1호,전남,광양시,전남 광양시 광양읍 칠성리 947-3
1328,광양읍2호,전남,광양시,전남 광양시 광양읍 용강리 857-5번지
1329,중마1호,전남,광양시,전남 광양시 마동 1037-4
1330,중마2호,전남,광양시,전남 광양시 중동 1654-3
1331,나주,전남,나주시,전남 나주시 대호동 1040-7
1332,빛가람1호,전남,나주시,전남 나주시 빛가람동 190-3
1333,담양,전남,담양군,전남 담양군 담양읍 백동리 247-7
1334,비파,전남,목포시,전남 목포시 상동 851
1335,삼학,전남,목포시,전남 목포시 산정동 1284
1336,상동석현,전남,목포시,전남 목포시 석현동 1173-2
1337,옥암,전남,목포시,전남 목포시 옥암동 1248-2
1338,용해,전남,목포시,전남 목포시 연산동 1930-4
1339,원산,전남,목포시,전남 목포시 산정동 1693-3
1340,하당,전남,목포시,전남 목포시 상동 1116-8번지
1341,남악,전남,무안군,"전남 무안군 삼향읍 남악리 1577 골든스위트 119, 120호"
1342,무안읍,전남,무안군,전남 무안군 무안읍 성남리 813-45
1343,보성,전남,보성군,전남 보성군 보성읍 보성리 831-19
1344,금당1호,전남,순천시,전남 순천시 조례동 1612번지 1-4호
1345,남부(순천),전남,순천시,전남 순천시 풍덕동 1265-5
1346,순천대점,전남,순천시,전남 순천시 석현동 80-5
1347,신대,전남,순천시,전남 순천시 해룡면 신대리 1977-8
1348,연향,전남,순천시,전남 순천시 연향동 1351-1
1349,용당서면,전남,순천시,전남 순천시 용당동 348-8
1350,조례,전남,순천시,전남 순천시 조례1동 1687-16
1351,팔마,전남,순천시,전남 순천시 연향동 1681-3   1층
1352,국동,전남,여수시,전남 여수시 신월동 96-1
1353,둔덕,전남,여수시,전남 여수시 둔덕동 434-7
1354,문수,전남,여수시,전남 여수시 문수동 124-1
1355,신기,전남,여수시,전남 여수시 신기동 117-7
1356,안산,전남,여수시,전남 여수시 안산동 438-7
1357,여서,전남,여수시,전남 여수시 여서동 240-8
1358,웅천,전남,여수시,전남 여수시 웅천동 1694-1 104호
1359,죽림무선,전남,여수시,전남 여수시 소라면 죽림리 1226-3
1360,영광,전남,영광군,전남 영광군 영광읍 남천리 339-4
1361,삼호,전남,영암군,전남 영암군 삼호읍 용앙리 481
1362,완도,전남,완도군,전남 완도군 완도읍 군내리 1237-14
1363,장흥,전남,장흥군,전남 장흥군 장흥읍 건산리 736-10
1364,해남,전남,해남군,전남 해남군 해남읍 구교리 304-3
1365,화순,전남,화순군,전남 화순군 화순읍 일심리 755
1366,가흥,경북,영주시,경북 영주시 가흥동 1881
1367,경북도청,경북,예천군,경북 예천군 호명면 산합리 1408
1368,경산,경북,경산시,경북 경산시 옥산동 758-10(1층)
1369,경산오거리,경북,경산시,경북 경산시 중방동 880-1
1370,계양사동,경북,경산시,경북 경산시 사동 48
1371,교촌Togo화진,경북,포항시,경북 포항시 북구 송라면 지경리 337-10
1372,구룡포,경북,포항시,경북 포항시 남구 구룡포읍 구룡포리 742-1
1373,금곡(안동),경북,안동시,경북 안동시 당북동 311-8
1374,김천,경북,김천시,경북 김천시 신음동 1301-4
1375,김천부곡,경북,김천시,경북 김천시 부곡동 426-1
1376,김천혁신,경북,김천시,경북 김천시 율곡동 364
1377,남부(포항),경북,포항시,경북 포항시 남구 대도동 124-13
1378,다산,경북,고령군,경북 고령군 다산면 상곡리 162-21
1379,대해중앙,경북,포항시,경북 포항시 남구 대도동 97-4
1380,도구청림,경북,포항시,경북 포항시 남구 동해면 도구리 694-3
1381,도량,경북,구미시,경북 구미시 도량동 262-1
1382,동천(경주),경북,경주시,경북 경주시 동천동 791
1383,봉곡,경북,구미시,경북 구미시 봉곡동 302-4
1384,봉화,경북,봉화군,경북 봉화군 봉화읍 내성리 222-1
1385,산동,경북,구미시,경북 구미시 산동면 신당리 1437
1386,경산,경북,경산시,경북 경산시 옥산동 758-10(1층)
1387,경산오거리,경북,경산시,경북 경산시 중방동 880-1
1388,계양사동,경북,경산시,경북 경산시 사동 48
1389,영대,경북,경산시,경북 경산시 압량면 신대리 497
1390,진량,경북,경산시,경북 경산시 진량읍 봉회리 81-3
1391,하양,경북,경산시,경북 경산시 하양읍 금락리 130-18
1392,동천(경주),경북,경주시,경북 경주시 동천동 791
1393,성건중앙,경북,경주시,경북 경주시 성건동 625-13
1394,안강,경북,경주시,경북 경주시 안강읍 산대리 2400-2
1395,외동(경주),경북,경주시,경북 경주시 입실리 1344-46
1396,용강,경북,경주시,경북 경주시 용강동 1619
1397,충효,경북,경주시,경북 경주시 충효동 3002-1
1398,황성,경북,경주시,경북 경주시 황성동 893-3
1399,다산,경북,고령군,경북 고령군 다산면 상곡리 162-21
1400,도량,경북,구미시,경북 구미시 도량동 262-1
1401,봉곡,경북,구미시,경북 구미시 봉곡동 302-4
1402,산동,경북,구미시,경북 구미시 산동면 신당리 1437
1403,상모,경북,구미시,경북 구미시 상모동 42-7
1404,선산,경북,구미시,경북 구미시 선산읍 동부리 416
1405,송정(구미),경북,구미시,경북 구미시 송정동 38-5 우방타운 206동2호
1406,신평공단,경북,구미시,경북 구미시 신평동 129-2
1407,옥계,경북,구미시,경북 구미시 옥계동 843-1
1408,원평,경북,구미시,경북 구미시 원평동 84-5
1409,원호,경북,구미시,경북 구미시 고아읍 원호리 442-2
1410,인동,경북,구미시,경북 구미시 인의동 341-2
1411,진평,경북,구미시,경북 구미시 진평동 29-5
1412,형곡,경북,구미시,경북 구미시 형곡동 152-4
1413,김천,경북,김천시,경북 김천시 신음동 1301-4
1414,김천부곡,경북,김천시,경북 김천시 부곡동 426-1
1415,김천혁신,경북,김천시,경북 김천시 율곡동 364
1416,점촌,경북,문경시,경북 문경시 모전동 866
1417,봉화,경북,봉화군,경북 봉화군 봉화읍 내성리 222-1
1418,상주,경북,상주시,경북 상주시 무양동 213-3
1419,성주,경북,성주군,경북 성주군 성주읍 성산리 2102-4
1420,금곡(안동),경북,안동시,경북 안동시 당북동 311-8
1421,송현오거리,경북,안동시,경북 안동시 송현동 260-5
1422,옥동(안동),경북,안동시,경북 안동시 옥동 791-2
1423,용상,경북,안동시,경북 안동시 용상동 1179-188
1424,영덕,경북,영덕군,경북 영덕군 영덕읍 덕곡리 162-1
1425,가흥,경북,영주시,경북 영주시 가흥동 1881
1426,영주,경북,영주시,경북 영주시 휴천동 642-362
1427,중앙(영주),경북,영주시,경북 영주시 영주2동 536-15
1428,풍기,경북,영주시,경북 영주시 풍기읍 성내리 2-4
1429,영천1호,경북,영천시,경북 영천시 망정동 208-21
1430,완산문외,경북,영천시,경북 영천시 문외동 258-6
1431,경북도청,경북,예천군,경북 예천군 호명면 산합리 1408
1432,울진,경북,울진군,경북 울진군 울진읍 읍내리 576-1
1433,의성,경북,의성군,경북 의성군 의성읍 후죽리 470-6
1434,청도,경북,청도군,경북 청도군 청도읍 고수리 503
1435,석적,경북,칠곡군,경북 칠곡군 석적읍 중리 203-5
1436,오태북삼,경북,칠곡군,경북 칠곡군 북삼읍 인평리 246-3
1437,왜관,경북,칠곡군,경북 칠곡군 왜관읍 왜관리 237-19
1438,구룡포,경북,포항시,경북 포항시 남구 구룡포읍 구룡포리 742-1
1439,남부(포항),경북,포항시,경북 포항시 남구 대도동 124-13
1440,대해중앙,경북,포항시,경북 포항시 남구 대도동 97-4
1441,도구청림,경북,포항시,경북 포항시 남구 동해면 도구리 694-3
1442,송도,경북,포항시,경북 포항시 남구 해도동 25-28
1443,연일,경북,포항시,경북 포항시 남구 생지리 157-9
1444,오천,경북,포항시,경북 포항시 남구 오천읍 원리 913-2
1445,효곡,경북,포항시,경북 포항시 남구 효자동 579-1 풍림아이원상가 107호
1446,교촌Togo화진,경북,포항시,경북 포항시 북구 송라면 지경리 337-10
1447,양덕(포항),경북,포항시,경북 포항시 북구 양덕동 1574
1448,양학대이,경북,포항시,경북 포항시 북구 득량동 2-1
1449,용흥,경북,포항시,경북 포항시 북구 용흥동 63-9
1450,우현,경북,포항시,경북 포항시 북구 우현동 산15-6
1451,장성,경북,포항시,경북 포항시 북구 장성동 1355-4
1452,죽도,경북,포항시,경북 포항시 북구 대흥동 592-2
1453,환호장량,경북,포항시,경북 포항시 북구 장성동 1378-3
1454,흥해,경북,포항시,경북 포항시 북구 흥해읍 옥성리 403-7
1455,가호,경남,진주시,경남 진주시 호탄동 611-3
1456,감계,경남,창원시,경남 창원시 의창구 북면 감계리 246-4
1457,거창1호,경남,거창군,경남 거창군 거창읍 대동리 697-5
1458,경화,경남,창원시,경남 창원시 진해시 경화동 1199-2
1459,고성(경남),경남,고성군,경남 고성군 고성읍 송학리 244-88
1460,고현상동,경남,거제시,경남 거제시 고현동 406-18
1461,구산,경남,김해시,경남 김해시 구산동 275-8
1462,금산(진주),경남,진주시,경남 진주시 중천리 192-3
1463,남문,경남,창원시,경남 창원시 진해구 남문동 1246-4 (골든프라자)
1464,남양(창원),경남,창원시,경남 창원시 성산구 가음동 7-2 더원빌딩 104호
1465,남지,경남,창녕군,경남 창녕군 남지읍 남지리 994-7
1466,남해,경남,남해군,경남 남해군 남해읍 서변리 160-11
1467,내동,경남,김해시,경남 김해시 내동 138-1
1468,내서삼계,경남,창원시,경남 창원시 마산회원구 삼계리 35-14
1469,내일동,경남,밀양시,경남 밀양시 내이동 1566-6
1470,대방,경남,창원시,경남 창원시 성산구 성주동 100
1471,대원,경남,창원시,경남 창원시 이창구 대원동 96-1
1472,대청,경남,김해시,경남 김해시 대청동 61-1
1473,덕계,경남,양산시,경남 양산시 덕계동 750
1474,도계명서,경남,창원시,경남 창원시 의창구 도계동 396-9
1475,고현상동,경남,거제시,경남 거제시 고현동 406-18
1476,상문,경남,거제시,경남 거제시 상동동 913-2
1477,수양,경남,거제시,경남 거제시 수월동 1120-14
1478,아주,경남,거제시,경남 거제시 아주동 1178-2
1479,옥포(거제),경남,거제시,경남 거제시 옥포동 160-1
1480,장평,경남,거제시,경남 거제시 장평동 274
1481,중곡,경남,거제시,경남 거제시 고현동 997
1482,지세포,경남,거제시,경남 거제시 일운면 지세포리 1009-7
1483,거창1호,경남,거창군,경남 거창군 거창읍 대동리 697-5
1484,고성(경남),경남,고성군,경남 고성군 고성읍 송학리 244-88
1485,구산,경남,김해시,경남 김해시 구산동 275-8
1486,내동,경남,김해시,경남 김해시 내동 138-1
1487,대청,경남,김해시,경남 김해시 대청동 61-1
1488,부원봉황,경남,김해시,경남 김해시 부원동 607-3
1489,삼계1호,경남,김해시,경남 김해시 삼계동 1479-4
1490,삼계2호,경남,김해시,경남 김해시 삼계동 1415-5
1491,삼방,경남,김해시,경남 김해시 삼방동 171-12
1492,삼정,경남,김해시,경남 김해시 삼정동 590-1
1493,어방,경남,김해시,경남 김해시 어방동 523-2
1494,외동(김해),경남,김해시,경남 김해시 외동 1187-12
1495,율하(김해),경남,김해시,경남 김해시 관동동 1106-5
1496,율하2지구,경남,김해시,경남 김해시 장유동 834-8
1497,장유1호,경남,김해시,경남 김해시 무계동 149-18
1498,주촌,경남,김해시,경남 김해시 주촌면 천곡리 1381-14
1499,지내안동,경남,김해시,경남 김해시 지내동 67-1
1500,진영,경남,김해시,경남 김해시 진영읍 진영리 1629-2
1501,남해,경남,남해군,경남 남해군 남해읍 서변리 160-11
1502,내일동,경남,밀양시,경남 밀양시 내이동 1566-6
1503,삼문상남,경남,밀양시,경남 밀양시 삼문동 717-11
1504,동금,경남,사천시,경남 사천시 동금동 58-4
1505,벌용,경남,사천시,경남 사천시 벌리동 255-9
1506,사남,경남,사천시,경남 사천시 사남면 월성리 64-3
1507,사천,경남,사천시,경남 사천시 사천읍 수석리 293-23
1508,산청,경남,산청군,경남 산청군 산청읍 옥산리 249
1509,덕계,경남,양산시,경남 양산시 덕계동 750
1510,물금,경남,양산시,경남 양산시 물금읍 범어리 2682-10
1511,삼성,경남,양산시,경남 양산시 북정동 885-12
1512,상북,경남,양산시,경남 양산시 상북면 석계리 242-1
1513,서창1호,경남,양산시,경남 양산시 삼호동 707-2
1514,석산,경남,양산시,경남 양산시 동면 금산리 1422-14
1515,중앙(양산),경남,양산시,경남 양산시 중부동 684-6
1516,증산(양산),경남,양산시,경남 양산시 물금읍 가촌리 1269-3
1517,통도사,경남,양산시,경남 양산시 하북면 순지리 814-5
1518,평산,경남,양산시,경남 양산시 평산동 105-4
1519,의령,경남,의령군,경남 의령군 의령읍 서동리 497-9
1520,가호,경남,진주시,경남 진주시 호탄동 611-3
1521,금산(진주),경남,진주시,경남 진주시 중천리 192-3
1522,상대,경남,진주시,경남 진주시 상대동 238-3
1523,상봉중앙,경남,진주시,경남 진주시 중안동 2-11
1524,상평,경남,진주시,경남 진주시 상평동 198-43
1525,신안평거,경남,진주시,경남 진주시 신안동 439-7
1526,이현인사,경남,진주시,경남 진주시 인사동 145-5
1527,정촌,경남,진주시,경남 진주시 정촌면 예하리 1300-14
1528,초장,경남,진주시,경남 진주시 초전동 1704-7
1529,칠암망경,경남,진주시,경남 진주시 칠암동 491-47
1530,판문평거,경남,진주시,경남 진주시 평거동 344-6
1531,하대초전,경남,진주시,경남 진주시 하대동 306-38
1532,혁신(경남 진주),경남,진주시,경남 진주시 진주시 충무공동 282-3
1533,남지,경남,창녕군,경남 창녕군 남지읍 남지리 994-7
1534,창녕,경남,창녕군,경남 창녕군 창녕읍 송현리 238-1
1535,마산현동,경남,창원시,경남 창원시 마산합포구 현동 374
1536,문화중앙,경남,창원시,경남 창원시 마산합포구 중앙동2가 5-42번지
1537,월영,경남,창원시,경남 창원시 마산합포구 해운동 42-11
1538,자산교방,경남,창원시,경남 창원시 마산합포구 자산동 301-19
1539,진동,경남,창원시,경남 창원시 마산합포구 진동면 진동리 436
1540,창동산호,경남,창원시,경남 창원시 마산합포구 산호동 338-35
1541,내서삼계,경남,창원시,경남 창원시 마산회원구 삼계리 35-14
1542,석전회성,경남,창원시,경남 창원시 마산회원구 석전동 264-56
1543,양덕(창원),경남,창원시,경남 창원시 마산회원구 양덕동 61-61
1544,합성,경남,창원시,경남 창원시 마산회원구 합성동 263-36
1545,호계,경남,창원시,경남 창원시 마산회원구 내서읍 호계리 289-45
1546,회원,경남,창원시,경남 창원시 마산회원구 회원2동 669-4
1547,남양(창원),경남,창원시,경남 창원시 성산구 가음동 7-2 더원빌딩 104호
1548,대방,경남,창원시,경남 창원시 성산구 성주동 100
1549,반송(창원),경남,창원시,경남 창원시 성산구 반지동 74-3
1550,사파,경남,창원시,경남 창원시 성산구 사파동 113-16
1551,상남,경남,창원시,경남 창원시 성산구 상남동 34-9
1552,중앙(창원 성산),경남,창원시,경남 창원시 성산구 중앙동 100-1
1553,감계,경남,창원시,경남 창원시 의창구 북면 감계리 246-4
1554,도계명서,경남,창원시,경남 창원시 의창구 도계동 396-9
1555,동읍,경남,창원시,경남 창원시 의창구 동읍 용잠리 371-2
1556,봉곡사림,경남,창원시,경남 창원시 의창구 봉곡동 116-4
1557,용지호수,경남,창원시,경남 창원시 의창구 용호동 73-50
1558,중동유니시티,경남,창원시,경남 창원시 의창구 서상동 666-6
1559,팔용,경남,창원시,경남 창원시 의창구 팔용동 170-9
1560,남문,경남,창원시,경남 창원시 진해구 남문동 1246-4 (골든프라자)
1561,석동덕산,경남,창원시,경남 창원시 진해구 석동 139-6
1562,웅동용원,경남,창원시,경남 창원시 진해구 용원동 1212-11
1563,중앙(진해),경남,창원시,경남 창원시 진해구 여좌동 925-40
1564,태평,경남,창원시,경남 창원시 진해구 수송동 12-14
1565,풍호,경남,창원시,경남 창원시 진해구 풍호동 305-17
1566,미수봉평,경남,통영시,경남 통영시 미수동 22-1번지 운하상가 115호
1567,북신무전,경남,통영시,경남 통영시 무전동 1033-2
1568,죽림,경남,통영시,경남 통영시 광도면 죽림리 1574-57 가동 103호
1569,하동,경남,하동군,경남 하동군 하동읍 읍내리 238
1570,칠원,경남,함안군,경남 함안군 칠원읍 구성리 650-4
1571,함안,경남,함안군,경남 함안군 가야읍 말산리 58-27
1572,함양,경남,함양군,경남 함양군 함양읍 용평리 773-1
1573,합천,경남,합천군,경남 합천군 합천읍 합천리 320-3
1574,건입,제주,제주시,제주 제주시 일도2동 160-9
1575,노형,제주,제주시,제주 제주시 노형동 1055-1
1576,대정,제주,서귀포시,제주 서귀포시 대정읍 하모리 1048-4
1577,도두해안도로,제주,제주시,제주 제주시 도두1동 2625-4
1578,삼양화북,제주,제주시,제주 제주시 화북1동 1023-2
1579,서귀포1호,제주,서귀포시,제주 서귀포시 동흥동 117-6
1580,서귀포남원,제주,서귀포시,제주 서귀포시 남원읍 남원리 50
1581,서귀포명동,제주,서귀포시,제주 서귀포시 서귀동 408-3
1582,서귀포혁신도시,제주,서귀포시,제주 서귀포시 강정동 166-10
1583,성산일출봉,제주,서귀포시,제주 서귀포시 성산읍 성산리 362-1
1584,세화,제주,제주시,제주 제주시 구좌읍 평대리 3349-8
1585,시청(제주),제주,제주시,제주 제주시 이도이동 1179-18
1586,아라,제주,제주시,제주 제주시 아라일동 6080
1587,아라이도,제주,제주시,제주 제주시 이도2동 1970-24
1588,애월해안도로,제주,제주시,제주 제주시 애월읍 고내리 1145-1
1589,영어교육도시,제주,서귀포시,제주 서귀포시 대정읍 보성리 2476
1590,외도하귀,제주,제주시,제주 제주시 하귀1리 162-4
1591,용담삼도,제주,제주시,제주 제주시 용담이동 628-24
1592,일도,제주,제주시,제주 제주시 일도이동 377-22
1593,제주1호,제주,제주시,제주 제주시  연동 272-30
1594,대정,제주,서귀포시,제주 서귀포시 대정읍 하모리 1048-4
1595,서귀포1호,제주,서귀포시,제주 서귀포시 동흥동 117-6
1596,서귀포남원,제주,서귀포시,제주 서귀포시 남원읍 남원리 50
1597,서귀포명동,제주,서귀포시,제주 서귀포시 서귀동 408-3
1598,서귀포혁신도시,제주,서귀포시,제주 서귀포시 강정동 166-10
1599,성산일출봉,제주,서귀포시,제주 서귀포시 성산읍 성산리 362-1
1600,영어교육도시,제주,서귀포시,제주 서귀포시 대정읍 보성리 2476
1601,중문,제주,서귀포시,제주 서귀포시 중문동 1965-9
1602,표선,제주,서귀포시,제주 서귀포시 표선리 633-3
1603,건입,제주,제주시,제주 제주시 일도2동 160-9
1604,노형,제주,제주시,제주 제주시 노형동 1055-1
1605,도두해안도로,제주,제주시,제주 제주시 도두1동 2625-4
1606,삼양화북,제주,제주시,제주 제주시 화북1동 1023-2
1607,세화,제주,제주시,제주 제주시 구좌읍 평대리 3349-8
1608,시청(제주),제주,제주시,제주 제주시 이도이동 1179-18
1609,아라,제주,제주시,제주 제주시 아라일동 6080
1610,아라이도,제주,제주시,제주 제주시 이도2동 1970-24
1611,애월해안도로,제주,제주시,제주 제주시 애월읍 고내리 1145-1
1612,외도하귀,제주,제주시,제주 제주시 하귀1리 162-4
1613,용담삼도,제주,제주시,제주 제주시 용담이동 628-24
1614,일도,제주,제주시,제주 제주시 일도이동 377-22
1615,제주1호,제주,제주시,제주 제주시  연동 272-30
1616,탑동(제주),제주,제주시,제주 제주시 삼도이동 1192-22
1617,한림협재,제주,제주시,제주 제주시 한림읍 한림리 1582-8
1618,함덕,제주,제주시,제주 제주시 조천읍 함덕리 1004-41
